customer_id,tenure,monthly_charges,total_charges,contract_type,internet_service,payment_method,gender,senior_citizen,partner,dependents,churn
CUST_1,40,13.631334537705342,545.2533815082137,One year,No,Bank transfer,Male,0,Yes,Yes,No
CUST_2,16,32.71223661687233,523.3957858699573,One year,No,Electronic check,Male,0,No,Yes,No
CUST_3,62,89.12566955992507,5525.791512715355,One year,No,Credit card,Female,0,Yes,No,No
CUST_4,42,62.06461729257771,2606.713926288264,Month-to-month,Fiber optic,Electronic check,Female,1,Yes,Yes,No
CUST_5,72,31.995133179435097,2303.649588919327,One year,No,Bank transfer,Male,0,Yes,No,No
CUST_6,3,46.436882588863014,139.31064776658906,One year,No,Credit card,Female,0,No,Yes,No
CUST_7,71,27.34441082129135,1941.4531683116859,Month-to-month,DSL,Electronic check,Male,1,Yes,Yes,No
CUST_8,39,111.76669669433402,4358.901171079026,One year,DSL,Bank transfer,Female,1,Yes,No,No
CUST_9,45,108.45446945832134,4880.4511256244605,Month-to-month,Fiber optic,Credit card,Male,0,Yes,No,No
CUST_10,57,62.074082379772825,3538.222695647051,One year,Fiber optic,Electronic check,Male,0,Yes,No,No
CUST_11,12,76.21210723094491,914.5452867713389,Two year,No,Mailed check,Male,0,No,Yes,No
CUST_12,22,97.9161655863558,2154.155642899828,One year,No,Bank transfer,Female,1,No,No,No
CUST_13,41,105.50610103356057,4325.750142375983,One year,No,Mailed check,Female,1,Yes,No,No
CUST_14,3,87.74116555774889,263.22349667324664,Two year,No,Credit card,Male,1,Yes,No,No
CUST_15,1,86.83492053272921,86.83492053272921,One year,Fiber optic,Electronic check,Male,1,Yes,No,No
CUST_16,1,92.06095076688689,92.06095076688689,One year,No,Bank transfer,Male,1,No,Yes,No
CUST_17,24,81.77521567363576,1962.6051761672582,One year,DSL,Electronic check,Male,0,No,No,No
CUST_18,23,73.97093900206372,1701.3315970474655,Two year,Fiber optic,Credit card,Male,0,No,No,No
CUST_19,34,49.656839521918876,1688.3325437452418,Month-to-month,No,Bank transfer,Male,0,Yes,No,No
CUST_20,16,26.564774343971234,425.03638950353974,Two year,Fiber optic,Credit card,Male,0,Yes,Yes,No
CUST_21,58,25.45337132344165,1476.2955367596157,One year,Fiber optic,Credit card,Male,0,Yes,No,No
CUST_22,48,95.7300410295825,4595.04196941996,Month-to-month,Fiber optic,Electronic check,Male,1,Yes,Yes,Yes
CUST_23,24,77.36356088943917,1856.7254613465402,Month-to-month,DSL,Bank transfer,Male,0,No,Yes,No
CUST_24,60,62.39106359506277,3743.463815703766,One year,DSL,Electronic check,Female,1,Yes,Yes,No
CUST_25,72,70.48439266082013,5074.87627157905,One year,DSL,Mailed check,Male,0,No,No,No
CUST_26,9,43.871021777003286,394.8391959930296,Month-to-month,No,Mailed check,Female,0,Yes,Yes,No
CUST_27,51,35.33352305560085,1802.0096758356433,One year,No,Credit card,Female,1,Yes,No,No
CUST_28,1,64.04920863078613,64.04920863078613,One year,Fiber optic,Bank transfer,Male,1,No,Yes,Yes
CUST_29,26,95.93360007129462,2494.2736018536602,One year,Fiber optic,Mailed check,Male,0,Yes,Yes,No
CUST_30,67,85.25607164474032,5712.156800197601,Two year,Fiber optic,Electronic check,Male,1,Yes,No,No
CUST_31,24,100.02864976459998,2400.687594350399,Two year,Fiber optic,Bank transfer,Male,1,Yes,No,Yes
CUST_32,45,51.39905442111773,2312.957448950298,Two year,Fiber optic,Bank transfer,Male,1,No,No,No
CUST_33,18,19.43436647854007,349.8185966137213,Two year,DSL,Credit card,Female,1,No,No,Yes
CUST_34,9,107.57456901224013,968.1711211101612,One year,DSL,Bank transfer,Male,0,No,No,No
CUST_35,20,105.5480055322879,2110.960110645758,Two year,Fiber optic,Electronic check,Female,1,Yes,Yes,No
CUST_36,47,118.32461631176557,5561.256966652982,Month-to-month,Fiber optic,Mailed check,Male,0,Yes,Yes,No
CUST_37,35,88.19117770179405,3086.6912195627915,One year,No,Credit card,Female,0,No,No,No
CUST_38,20,30.07853947688182,601.5707895376364,One year,DSL,Electronic check,Male,1,No,No,No
CUST_39,35,30.52872621393179,1068.5054174876127,Two year,No,Electronic check,Female,1,Yes,Yes,No
CUST_40,35,103.20378914340887,3612.1326200193103,Month-to-month,Fiber optic,Electronic check,Male,1,No,No,No
CUST_41,42,100.43434798261164,4218.242615269689,Month-to-month,Fiber optic,Credit card,Male,1,Yes,No,No
CUST_42,51,35.653000740256175,1818.303037753065,Two year,DSL,Credit card,Female,1,No,No,No
CUST_43,29,117.7721798367857,3415.3932152667853,Two year,Fiber optic,Electronic check,Female,1,Yes,No,No
CUST_44,39,68.73435266082528,2680.639753772186,Month-to-month,DSL,Electronic check,Female,0,Yes,Yes,No
CUST_45,68,105.38350875161984,7166.07859511015,Two year,Fiber optic,Mailed check,Female,1,Yes,No,No
CUST_46,69,39.63835983317432,2735.046828489028,Two year,No,Mailed check,Female,0,No,No,No
CUST_47,6,45.439884879112824,272.639309274677,Month-to-month,Fiber optic,Bank transfer,Male,1,No,Yes,No
CUST_48,32,103.81687294441956,3322.139934221426,One year,Fiber optic,Electronic check,Female,0,Yes,No,No
CUST_49,27,61.29287670481942,1654.9076710301244,Month-to-month,Fiber optic,Credit card,Female,1,Yes,Yes,No
CUST_50,59,38.55915017852341,2274.9898605328813,Month-to-month,No,Bank transfer,Male,1,No,Yes,No
CUST_51,34,21.881016165453886,743.9545496254322,One year,No,Bank transfer,Male,1,Yes,Yes,No
CUST_52,63,32.69316566521759,2059.669436908708,One year,No,Credit card,Male,0,No,Yes,No
CUST_53,62,64.49425121665914,3998.6435754328663,Two year,No,Bank transfer,Male,0,Yes,Yes,No
CUST_54,22,18.607844920169054,409.3725882437192,One year,DSL,Credit card,Male,1,No,Yes,Yes
CUST_55,63,14.785780571279084,931.5041759905822,Two year,Fiber optic,Mailed check,Male,1,Yes,No,Yes
CUST_56,20,14.93553103174084,298.7106206348168,Month-to-month,No,Credit card,Male,1,Yes,No,No
CUST_57,47,52.85755343243179,2484.3050113242944,One year,No,Credit card,Male,0,Yes,No,No
CUST_58,70,22.58253757044524,1580.7776299311668,Two year,DSL,Credit card,Female,1,Yes,No,No
CUST_59,69,100.43268886058341,6929.855531380255,Month-to-month,Fiber optic,Mailed check,Female,1,Yes,No,No
CUST_60,39,42.326425212811344,1650.7305832996424,Month-to-month,Fiber optic,Mailed check,Male,1,No,Yes,No
CUST_61,61,114.7751970901962,7001.287022501968,Two year,No,Electronic check,Female,0,Yes,No,No
CUST_62,30,46.88508858211556,1406.5526574634666,Two year,Fiber optic,Electronic check,Male,1,No,No,Yes
CUST_63,24,72.13590053175774,1731.261612762186,One year,DSL,Credit card,Male,1,No,No,Yes
CUST_64,55,51.74330713163073,2845.88189223969,Two year,No,Mailed check,Female,0,No,Yes,No
CUST_65,35,68.27674358609151,2389.686025513203,One year,Fiber optic,Credit card,Male,0,Yes,Yes,No
CUST_66,43,113.6653937911753,4887.611933020538,Month-to-month,Fiber optic,Mailed check,Male,0,No,Yes,No
CUST_67,51,60.64474174086449,3092.881828784089,Month-to-month,DSL,Credit card,Female,0,Yes,No,Yes
CUST_68,38,92.29312893062739,3507.1388993638407,Month-to-month,Fiber optic,Electronic check,Male,0,No,No,No
CUST_69,40,14.16838457118887,566.7353828475548,Two year,No,Bank transfer,Male,1,No,No,Yes
CUST_70,20,51.154056126462436,1023.0811225292487,Two year,DSL,Electronic check,Male,0,Yes,Yes,No
CUST_71,4,53.87366935591469,215.49467742365877,Month-to-month,DSL,Electronic check,Male,1,Yes,Yes,No
CUST_72,18,51.1904565222831,921.4282174010958,Month-to-month,Fiber optic,Credit card,Female,1,Yes,Yes,No
CUST_73,39,90.39057358877764,3525.232369962328,Two year,No,Bank transfer,Male,1,Yes,Yes,No
CUST_74,35,60.91136724273694,2131.897853495793,One year,Fiber optic,Mailed check,Female,0,Yes,No,No
CUST_75,22,75.11196937788328,1652.4633263134322,Two year,DSL,Electronic check,Female,0,Yes,Yes,No
CUST_76,58,94.56666633093693,5484.866647194342,Two year,No,Bank transfer,Female,0,No,Yes,Yes
CUST_77,14,46.942233615344826,657.1912706148275,Two year,Fiber optic,Mailed check,Male,0,No,No,Yes
CUST_78,57,64.56133814347568,3679.9962741781137,Two year,No,Mailed check,Female,1,No,Yes,No
CUST_79,9,77.77959838157697,700.0163854341928,One year,DSL,Mailed check,Female,1,No,Yes,No
CUST_80,26,87.82157940014503,2283.361064403771,Month-to-month,No,Bank transfer,Male,1,Yes,Yes,No
CUST_81,32,28.266432937541634,904.5258540013323,Two year,DSL,Credit card,Female,1,No,Yes,No
CUST_82,9,89.50074208934245,805.5066788040821,One year,Fiber optic,Electronic check,Female,1,No,Yes,No
CUST_83,60,21.555496457664997,1293.3297874598998,Month-to-month,DSL,Mailed check,Male,0,Yes,No,Yes
CUST_84,31,118.0067194978177,3658.2083044323485,Two year,Fiber optic,Bank transfer,Female,0,No,No,No
CUST_85,1,108.59194789607665,108.59194789607665,Month-to-month,No,Bank transfer,Female,1,Yes,No,No
CUST_86,41,67.0261788236821,2748.073331770966,Two year,Fiber optic,Credit card,Female,1,No,No,Yes
CUST_87,40,51.580971911730536,2063.2388764692214,One year,No,Bank transfer,Female,0,No,No,No
CUST_88,32,68.63611244800245,2196.3555983360784,One year,Fiber optic,Credit card,Male,0,Yes,No,No
CUST_89,19,116.0119125491443,2204.2263384337416,Month-to-month,DSL,Electronic check,Female,1,No,Yes,No
CUST_90,58,101.06036896520196,5861.501399981714,One year,No,Electronic check,Female,1,No,No,No
CUST_91,5,36.821543409314344,184.10771704657174,Two year,Fiber optic,Electronic check,Female,1,No,No,No
CUST_92,14,18.71621795316635,262.0270513443289,Month-to-month,No,Bank transfer,Male,0,No,No,No
CUST_93,12,86.32501716398562,1035.9002059678273,Two year,No,Electronic check,Male,0,No,Yes,No
CUST_94,5,102.64906888358314,513.2453444179157,Two year,DSL,Electronic check,Male,1,Yes,Yes,No
CUST_95,30,11.760085980501273,352.80257941503817,Two year,No,Bank transfer,Male,0,Yes,Yes,No
CUST_96,10,35.739177661463295,357.39177661463293,Two year,No,Credit card,Female,0,Yes,No,No
CUST_97,49,98.13705242830588,4808.715568986988,Two year,No,Bank transfer,Male,1,Yes,No,No
CUST_98,50,63.75501676161008,3187.750838080504,Two year,Fiber optic,Credit card,Female,0,Yes,No,No
CUST_99,15,104.37155756874294,1565.5733635311442,Two year,No,Electronic check,Male,0,No,Yes,No
CUST_100,36,32.61963624488834,1174.3069048159803,Month-to-month,Fiber optic,Mailed check,Male,1,Yes,No,No
CUST_101,23,31.35958741209842,721.2705104782636,One year,No,Electronic check,Male,0,Yes,No,No
CUST_102,16,62.21533370709538,995.4453393135261,Month-to-month,DSL,Mailed check,Female,0,No,No,No
CUST_103,64,60.215165664403514,3853.770602521825,Month-to-month,No,Mailed check,Male,0,Yes,Yes,Yes
CUST_104,54,115.97973861320722,6262.9058851131895,Two year,No,Mailed check,Male,1,Yes,Yes,No
CUST_105,53,21.944032008594043,1163.0336964554842,One year,Fiber optic,Mailed check,Male,1,Yes,Yes,Yes
CUST_106,33,33.767543839344356,1114.3289466983638,Month-to-month,No,Electronic check,Male,0,Yes,No,No
CUST_107,34,103.7064400242075,3526.018960823055,Month-to-month,No,Mailed check,Female,1,Yes,Yes,No
CUST_108,33,111.32533273995206,3673.735980418418,Month-to-month,Fiber optic,Electronic check,Male,1,Yes,No,Yes
CUST_109,13,66.63497471433774,866.2546712863907,Month-to-month,No,Credit card,Male,1,Yes,Yes,No
CUST_110,19,55.38689394345562,1052.3509849256568,Two year,Fiber optic,Bank transfer,Male,0,Yes,No,No
CUST_111,23,39.238417767036246,902.4836086418337,Month-to-month,Fiber optic,Electronic check,Male,0,Yes,No,No
CUST_112,13,30.054951843149862,390.7143739609482,One year,No,Credit card,Male,1,Yes,No,Yes
CUST_113,30,31.312825878380266,939.3847763514079,One year,DSL,Credit card,Male,1,Yes,No,No
CUST_114,3,51.72060753649563,155.16182260948688,One year,No,Mailed check,Male,1,No,Yes,Yes
CUST_115,54,94.05552633393873,5078.998422032691,Two year,DSL,Electronic check,Male,1,No,Yes,Yes
CUST_116,52,95.70154798727818,4976.4804953384655,One year,DSL,Credit card,Female,1,Yes,Yes,No
CUST_117,50,92.96358829485291,4648.179414742645,Two year,Fiber optic,Bank transfer,Female,0,No,No,No
CUST_118,53,67.2895165730726,3566.344378372848,Month-to-month,DSL,Electronic check,Male,1,No,No,No
CUST_119,37,53.804185007545534,1990.7548452791848,Month-to-month,DSL,Credit card,Male,1,Yes,No,No
CUST_120,38,104.38882388632548,3966.7753076803683,Month-to-month,No,Mailed check,Male,1,Yes,No,No
CUST_121,67,97.19698218313147,6512.197806269808,Month-to-month,No,Bank transfer,Female,1,No,No,Yes
CUST_122,12,31.703088569812056,380.4370628377447,One year,No,Mailed check,Female,1,No,No,No
CUST_123,66,58.48837279732253,3860.232604623287,One year,DSL,Mailed check,Female,0,Yes,No,No
CUST_124,61,110.57743087051936,6745.223283101681,Two year,Fiber optic,Bank transfer,Female,1,No,Yes,No
CUST_125,9,39.94658751410753,359.51928762696775,Two year,No,Credit card,Male,1,Yes,No,No
CUST_126,67,106.04448229762522,7104.98031394089,One year,Fiber optic,Bank transfer,Male,1,No,No,No
CUST_127,7,93.37900591768175,653.6530414237723,Month-to-month,No,Electronic check,Female,0,No,No,Yes
CUST_128,58,22.832198280510397,1324.267500269603,Month-to-month,No,Electronic check,Female,0,Yes,Yes,Yes
CUST_129,22,27.305442687391523,600.7197391226135,Month-to-month,Fiber optic,Bank transfer,Female,0,No,Yes,No
CUST_130,46,28.38536970646271,1305.7270064972847,Two year,No,Mailed check,Female,0,Yes,No,No
CUST_131,35,70.18456676678045,2456.459836837316,Month-to-month,No,Electronic check,Female,0,No,No,No
CUST_132,38,25.77046050988528,979.2774993756406,One year,DSL,Bank transfer,Female,0,No,No,Yes
CUST_133,71,46.613845834158504,3309.583054225254,Two year,No,Electronic check,Male,1,Yes,No,No
CUST_134,2,13.859739929013255,27.71947985802651,One year,DSL,Mailed check,Female,0,No,No,Yes
CUST_135,35,71.85351322585245,2514.8729629048357,One year,No,Mailed check,Male,0,Yes,Yes,No
CUST_136,8,107.0709061451092,856.5672491608736,Two year,No,Bank transfer,Female,1,No,No,No
CUST_137,30,18.03838252848648,541.1514758545944,Month-to-month,Fiber optic,Credit card,Male,0,Yes,No,No
CUST_138,61,43.273555034221424,2639.6868570875067,One year,No,Credit card,Male,0,No,Yes,No
CUST_139,9,28.608502341328016,257.47652107195216,Two year,No,Electronic check,Male,0,Yes,No,Yes
CUST_140,25,119.28857774355147,2982.2144435887867,One year,No,Electronic check,Female,1,Yes,Yes,No
CUST_141,66,79.02983857075083,5215.969345669555,One year,Fiber optic,Bank transfer,Male,0,No,Yes,Yes
CUST_142,21,119.18126751701088,2502.8066178572285,One year,Fiber optic,Credit card,Female,0,No,No,No
CUST_143,62,64.76571397372172,4015.4742663707466,Month-to-month,DSL,Bank transfer,Female,1,Yes,Yes,Yes
CUST_144,47,54.639008004071194,2568.033376191346,Two year,No,Credit card,Male,1,Yes,No,No
CUST_145,9,82.49506508089718,742.4555857280745,Month-to-month,DSL,Credit card,Male,1,Yes,No,No
CUST_146,52,91.44201296250579,4754.984674050301,Two year,No,Bank transfer,Female,0,No,Yes,No
CUST_147,51,22.448513959194862,1144.874211918938,Month-to-month,DSL,Electronic check,Female,0,Yes,Yes,No
CUST_148,12,37.005251799956255,444.06302159947506,Month-to-month,DSL,Electronic check,Female,0,No,No,No
CUST_149,63,41.361358710303506,2605.7655987491207,Month-to-month,DSL,Electronic check,Female,1,Yes,Yes,No
CUST_150,69,73.08634621908735,5042.957889117027,Month-to-month,DSL,Bank transfer,Male,1,No,No,No
CUST_151,56,47.0550680249929,2635.083809399602,Two year,Fiber optic,Mailed check,Male,0,Yes,No,No
CUST_152,23,77.41928372404077,1780.6435256529376,One year,DSL,Electronic check,Male,1,Yes,No,No
CUST_153,42,71.90478551505674,3020.0009916323834,Month-to-month,DSL,Mailed check,Female,0,No,No,No
CUST_154,58,61.66459234016044,3576.5463557293056,Month-to-month,No,Bank transfer,Female,0,Yes,Yes,No
CUST_155,19,60.59485358961132,1151.302218202615,One year,No,Mailed check,Male,0,No,No,No
CUST_156,50,100.21991165293853,5010.995582646927,One year,Fiber optic,Electronic check,Female,0,Yes,Yes,No
CUST_157,27,47.63730466504604,1286.207225956243,Two year,Fiber optic,Credit card,Male,1,Yes,Yes,No
CUST_158,2,20.96492641718319,41.92985283436638,One year,Fiber optic,Electronic check,Male,1,No,Yes,Yes
CUST_159,1,47.764190111690276,47.764190111690276,Month-to-month,DSL,Mailed check,Female,0,Yes,Yes,No
CUST_160,59,53.57902983846621,3161.1627604695063,One year,Fiber optic,Mailed check,Male,1,No,No,Yes
CUST_161,45,113.72300583092222,5117.5352623915,Month-to-month,No,Credit card,Male,1,Yes,No,No
CUST_162,42,71.61636160996413,3007.8871876184935,Two year,Fiber optic,Bank transfer,Female,1,No,Yes,No
CUST_163,25,43.51766788805768,1087.941697201442,Two year,Fiber optic,Credit card,Female,1,Yes,Yes,Yes
CUST_164,16,84.02241088618281,1344.358574178925,Month-to-month,Fiber optic,Credit card,Female,1,No,Yes,No
CUST_165,10,74.04580184235611,740.4580184235612,Two year,DSL,Bank transfer,Male,1,No,No,No
CUST_166,46,90.57689064420153,4166.53696963327,Month-to-month,Fiber optic,Electronic check,Female,1,Yes,Yes,No
CUST_167,56,107.75796391472811,6034.445979224774,Two year,No,Mailed check,Male,1,No,No,No
CUST_168,3,29.331287718378128,87.99386315513439,Two year,No,Mailed check,Male,0,No,Yes,Yes
CUST_169,45,94.84358888979816,4267.961500040917,Two year,DSL,Credit card,Female,1,No,Yes,No
CUST_170,15,75.25190390822277,1128.7785586233415,Two year,DSL,Credit card,Male,0,No,Yes,No
CUST_171,9,20.206980298403153,181.86282268562837,Two year,DSL,Bank transfer,Male,1,Yes,No,No
CUST_172,70,53.51319392007565,3745.9235744052958,One year,Fiber optic,Bank transfer,Female,0,No,No,No
CUST_173,31,109.46956542152392,3393.5565280672417,One year,Fiber optic,Bank transfer,Male,0,No,No,No
CUST_174,11,69.14269861197714,760.5696847317486,One year,Fiber optic,Electronic check,Male,0,No,Yes,Yes
CUST_175,45,102.84931063614702,4628.218978626616,Month-to-month,No,Electronic check,Female,1,Yes,No,No
CUST_176,72,24.04292504930404,1731.0906035498908,Month-to-month,Fiber optic,Bank transfer,Female,0,Yes,No,No
CUST_177,26,18.56292919428474,482.6361590514033,Month-to-month,No,Bank transfer,Male,1,Yes,No,No
CUST_178,29,24.069446315718242,698.013943155829,Month-to-month,No,Bank transfer,Male,0,No,No,No
CUST_179,36,115.45881455998105,4156.5173241593175,Two year,No,Credit card,Male,1,No,No,No
CUST_180,72,37.13000883459668,2673.3606360909607,Two year,DSL,Mailed check,Female,1,No,No,Yes
CUST_181,62,17.028534534088035,1055.769141113458,Month-to-month,DSL,Bank transfer,Female,1,No,No,No
CUST_182,34,91.20660357926143,3101.0245216948883,One year,DSL,Credit card,Male,1,Yes,Yes,No
CUST_183,66,94.86206957900407,6260.896592214269,Two year,DSL,Bank transfer,Male,1,Yes,Yes,No
CUST_184,66,50.767454821435734,3350.6520182147583,Month-to-month,Fiber optic,Mailed check,Female,1,Yes,Yes,Yes
CUST_185,40,36.43171008221739,1457.2684032886957,One year,DSL,Mailed check,Male,0,Yes,No,No
CUST_186,70,60.543288046789876,4238.030163275292,One year,No,Mailed check,Male,0,No,No,No
CUST_187,42,32.786590987122324,1377.0368214591376,One year,DSL,Electronic check,Female,1,No,No,No
CUST_188,1,69.03242935624091,69.03242935624091,Month-to-month,No,Electronic check,Male,1,No,No,No
CUST_189,48,33.37425122797511,1601.9640589428052,Month-to-month,Fiber optic,Credit card,Male,0,Yes,No,No
CUST_190,2,100.4178637555215,200.835727511043,Two year,Fiber optic,Bank transfer,Male,1,No,No,No
CUST_191,17,25.90264383407169,440.3449451792187,Two year,Fiber optic,Electronic check,Female,1,Yes,No,Yes
CUST_192,65,99.98774402090231,6499.20336135865,Month-to-month,No,Mailed check,Female,0,No,No,No
CUST_193,58,89.52227872528574,5192.292166066573,One year,No,Electronic check,Female,0,No,No,No
CUST_194,22,37.43174493150811,823.4983884931785,Month-to-month,DSL,Credit card,Female,0,Yes,Yes,No
CUST_195,3,59.44425785120593,178.3327735536178,Two year,Fiber optic,Credit card,Male,1,Yes,Yes,No
CUST_196,48,12.645675977899643,606.9924469391829,Two year,No,Credit card,Female,0,Yes,Yes,No
CUST_197,5,53.63304542797058,268.1652271398529,Two year,No,Credit card,Male,1,No,No,No
CUST_198,48,41.14205470507997,1974.8186258438386,Month-to-month,DSL,Bank transfer,Male,0,No,Yes,No
CUST_199,54,93.1610373420889,5030.696016472801,Two year,Fiber optic,Credit card,Female,0,Yes,Yes,No
CUST_200,2,64.32694692169548,128.65389384339096,Two year,No,Credit card,Female,1,Yes,No,No
CUST_201,21,99.78262864838689,2095.4352016161247,Two year,No,Mailed check,Female,1,Yes,No,No
CUST_202,58,28.71252566087213,1665.3264883305837,Two year,Fiber optic,Bank transfer,Female,0,No,Yes,No
CUST_203,51,117.36774674808201,5985.7550841521825,Month-to-month,Fiber optic,Electronic check,Male,1,Yes,No,Yes
CUST_204,10,32.023168275878476,320.23168275878476,One year,Fiber optic,Credit card,Female,0,No,No,No
CUST_205,37,36.70453148560032,1358.0676649672118,Month-to-month,DSL,Bank transfer,Male,0,No,Yes,No
CUST_206,34,22.583909840172662,767.8529345658706,Two year,Fiber optic,Credit card,Female,1,Yes,Yes,No
CUST_207,70,37.216476314737704,2605.153342031639,Two year,DSL,Mailed check,Male,0,No,Yes,No
CUST_208,11,43.844980289011424,482.29478317912566,Two year,No,Credit card,Male,1,Yes,Yes,No
CUST_209,54,108.2281019779671,5844.317506810224,Two year,Fiber optic,Bank transfer,Female,1,Yes,Yes,No
CUST_210,13,58.23528484141564,757.0587029384034,Two year,No,Electronic check,Female,0,Yes,Yes,No
CUST_211,19,98.48990579879158,1871.30821017704,Two year,DSL,Mailed check,Female,1,No,Yes,Yes
CUST_212,71,69.2261046637538,4915.05343112652,Two year,Fiber optic,Electronic check,Female,0,Yes,No,No
CUST_213,28,112.79935120755552,3158.3818338115543,Month-to-month,No,Credit card,Female,1,No,Yes,No
CUST_214,47,91.99160225771881,4323.605306112784,Month-to-month,No,Bank transfer,Female,1,No,Yes,Yes
CUST_215,13,81.7852210934093,1063.207874214321,Two year,DSL,Mailed check,Male,0,No,Yes,No
CUST_216,58,14.906519809731769,864.5781489644426,Month-to-month,Fiber optic,Mailed check,Female,0,No,No,No
CUST_217,9,114.64498223259632,1031.804840093367,One year,No,Credit card,Female,1,No,Yes,No
CUST_218,42,59.22997918858915,2487.6591259207444,Month-to-month,Fiber optic,Bank transfer,Female,0,No,Yes,No
CUST_219,61,107.47574058144093,6556.0201754678965,Two year,DSL,Electronic check,Male,0,Yes,No,No
CUST_220,4,27.78229453672465,111.1291781468986,Month-to-month,DSL,Electronic check,Female,1,Yes,Yes,No
CUST_221,22,32.70912790379783,719.6008138835522,Month-to-month,Fiber optic,Electronic check,Female,0,Yes,No,No
CUST_222,57,96.31881075412429,5490.172212985084,Two year,DSL,Bank transfer,Male,0,No,Yes,No
CUST_223,35,15.600019821014325,546.0006937355014,Month-to-month,Fiber optic,Credit card,Male,0,Yes,No,No
CUST_224,7,81.77627740706161,572.4339418494313,One year,DSL,Electronic check,Female,0,No,Yes,No
CUST_225,70,42.47938608636317,2973.557026045422,Two year,DSL,Bank transfer,Male,0,No,Yes,No
CUST_226,49,77.20604995751816,3783.09644791839,Two year,DSL,Mailed check,Female,0,No,No,No
CUST_227,23,105.87384515874035,2435.098438651028,One year,No,Mailed check,Male,1,Yes,No,No
CUST_228,22,22.87614201991906,503.27512443821934,One year,DSL,Bank transfer,Female,1,Yes,No,No
CUST_229,17,86.02609916911274,1462.4436858749166,One year,DSL,Electronic check,Female,0,No,No,No
CUST_230,47,112.04690340077775,5266.204459836555,Two year,Fiber optic,Bank transfer,Female,1,No,No,No
CUST_231,14,89.11133374287316,1247.5586724002242,Two year,No,Mailed check,Female,1,Yes,No,Yes
CUST_232,51,81.40032586098593,4151.4166189102825,Two year,DSL,Electronic check,Male,0,Yes,No,No
CUST_233,50,83.82714860649574,4191.357430324787,Month-to-month,Fiber optic,Bank transfer,Female,0,Yes,Yes,No
CUST_234,10,78.90266893040992,789.0266893040991,Month-to-month,Fiber optic,Credit card,Male,1,No,Yes,Yes
CUST_235,16,108.26410242042498,1732.2256387267996,One year,No,Mailed check,Female,0,No,Yes,No
CUST_236,62,40.02588033135185,2481.604580543815,Month-to-month,No,Bank transfer,Female,1,No,Yes,No
CUST_237,59,22.015807553288056,1298.9326456439953,One year,DSL,Credit card,Male,1,No,Yes,Yes
CUST_238,41,69.8702389731824,2864.679797900478,One year,Fiber optic,Mailed check,Male,0,Yes,Yes,No
CUST_239,5,103.53549137379929,517.6774568689964,Two year,Fiber optic,Bank transfer,Female,1,Yes,No,No
CUST_240,57,111.57398089453636,6359.716910988573,Two year,Fiber optic,Bank transfer,Female,1,Yes,Yes,No
CUST_241,58,67.63722410487853,3922.9589980829546,One year,DSL,Bank transfer,Male,0,No,No,No
CUST_242,37,100.1787828360237,3706.614964932877,Two year,No,Mailed check,Male,0,Yes,Yes,Yes
CUST_243,36,14.72424549907047,530.0728379665369,Month-to-month,No,Bank transfer,Female,1,Yes,No,No
CUST_244,23,34.05232290438215,783.2034268007894,One year,No,Electronic check,Male,1,Yes,No,No
CUST_245,28,40.111621563247304,1123.1254037709245,Month-to-month,No,Credit card,Male,1,Yes,Yes,No
CUST_246,32,30.868639881102517,987.7964761952805,One year,DSL,Credit card,Female,1,No,No,Yes
CUST_247,71,40.87351888539462,2902.0198408630176,Two year,Fiber optic,Electronic check,Female,1,Yes,Yes,No
CUST_248,57,102.24871523407381,5828.176768342208,Two year,DSL,Electronic check,Male,1,No,No,Yes
CUST_249,37,89.93850311849438,3327.724615384292,Month-to-month,DSL,Mailed check,Male,0,No,Yes,No
CUST_250,54,71.59387112766218,3866.069040893758,Month-to-month,DSL,Bank transfer,Male,0,Yes,No,Yes
CUST_251,32,10.431951861253815,333.82245956012207,Two year,DSL,Bank transfer,Female,0,Yes,Yes,No
CUST_252,33,98.66342121254756,3255.8929000140697,Two year,Fiber optic,Electronic check,Female,0,No,Yes,Yes
CUST_253,42,66.40967261749525,2789.2062499348003,Two year,DSL,Mailed check,Male,1,No,No,No
CUST_254,45,66.9949902363293,3014.7745606348185,Month-to-month,No,Bank transfer,Male,0,Yes,No,No
CUST_255,72,55.356717475502926,3985.6836582362107,One year,No,Mailed check,Female,1,No,No,No
CUST_256,4,58.039751909625146,232.15900763850058,Month-to-month,DSL,Electronic check,Male,1,Yes,No,No
CUST_257,69,119.99989692170332,8279.99288759753,Two year,Fiber optic,Electronic check,Male,1,Yes,Yes,Yes
CUST_258,10,99.27989578771029,992.7989578771029,Two year,DSL,Bank transfer,Male,1,No,No,No
CUST_259,6,61.78146642912587,370.6887985747552,One year,DSL,Credit card,Female,1,Yes,No,No
CUST_260,14,80.05188171887141,1120.7263440641998,Two year,No,Mailed check,Male,1,No,No,No
CUST_261,35,114.6939310355321,4014.2875862436235,Month-to-month,DSL,Electronic check,Male,0,No,Yes,No
CUST_262,7,116.20143594792474,813.4100516354731,One year,DSL,Bank transfer,Female,0,Yes,No,No
CUST_263,37,63.66829901838194,2355.727063680132,Two year,Fiber optic,Credit card,Female,1,Yes,Yes,No
CUST_264,61,70.38640746146783,4293.570855149537,Month-to-month,DSL,Mailed check,Male,1,No,No,No
CUST_265,54,39.47768367644601,2131.7949185280845,Two year,DSL,Credit card,Male,0,Yes,No,No
CUST_266,1,82.73220600246714,82.73220600246714,One year,DSL,Electronic check,Female,1,Yes,Yes,Yes
CUST_267,8,34.19361056705009,273.5488845364007,Two year,DSL,Mailed check,Male,1,No,Yes,No
CUST_268,3,33.192336955264366,99.5770108657931,Month-to-month,Fiber optic,Credit card,Male,0,No,Yes,No
CUST_269,14,103.09453569994706,1443.3234997992588,Two year,DSL,Mailed check,Female,1,No,No,Yes
CUST_270,46,106.68662043245878,4907.584539893104,One year,DSL,Electronic check,Male,1,No,No,No
CUST_271,67,20.230859148007582,1355.467562916508,One year,DSL,Mailed check,Male,1,Yes,Yes,No
CUST_272,6,79.70926039710491,478.2555623826295,Two year,DSL,Credit card,Male,1,Yes,No,No
CUST_273,62,41.1072857839839,2548.651718607002,One year,No,Mailed check,Female,0,No,Yes,No
CUST_274,4,116.17117468324714,464.6846987329886,Month-to-month,No,Bank transfer,Male,1,Yes,Yes,Yes
CUST_275,61,82.45256072108158,5029.606203985976,Month-to-month,No,Bank transfer,Male,0,Yes,No,No
CUST_276,23,77.32129734672218,1778.38983897461,One year,DSL,Electronic check,Male,1,No,No,No
CUST_277,43,63.94630811341372,2749.69124887679,Month-to-month,Fiber optic,Credit card,Male,0,No,No,No
CUST_278,66,38.70496504082816,2554.5276926946585,One year,DSL,Bank transfer,Female,1,No,No,No
CUST_279,59,35.63529268516888,2102.482268424964,Month-to-month,Fiber optic,Bank transfer,Female,1,No,No,No
CUST_280,41,20.796231680127423,852.6454988852244,One year,Fiber optic,Credit card,Male,0,Yes,Yes,No
CUST_281,66,35.95746804365078,2373.1928908809514,Month-to-month,No,Bank transfer,Female,0,No,Yes,Yes
CUST_282,21,61.49431711748797,1291.3806594672474,One year,DSL,Mailed check,Male,1,Yes,No,No
CUST_283,2,66.33931621782162,132.67863243564324,Two year,DSL,Credit card,Male,1,Yes,No,Yes
CUST_284,70,82.26452473185043,5758.51673122953,One year,DSL,Credit card,Male,1,No,Yes,No
CUST_285,37,69.7412416497194,2580.4259410396176,Two year,Fiber optic,Electronic check,Male,0,Yes,Yes,No
CUST_286,21,105.22440575347967,2209.712520823073,One year,Fiber optic,Bank transfer,Female,1,No,No,Yes
CUST_287,32,92.43796123012498,2958.0147593639995,Month-to-month,No,Electronic check,Female,0,No,Yes,Yes
CUST_288,35,45.58107775383505,1595.3377213842266,Two year,No,Electronic check,Male,0,No,Yes,No
CUST_289,55,110.74867747341783,6091.17726103798,Month-to-month,No,Credit card,Female,0,Yes,No,No
CUST_290,40,31.4063976824203,1256.255907296812,Month-to-month,No,Bank transfer,Male,1,Yes,Yes,No
CUST_291,50,67.11870421528064,3355.935210764032,Month-to-month,No,Bank transfer,Male,0,Yes,No,No
CUST_292,67,74.52625447531167,4993.259049845882,One year,DSL,Mailed check,Female,1,No,No,No
CUST_293,37,100.75293540366653,3727.8586099356617,One year,No,Bank transfer,Male,1,Yes,No,No
CUST_294,64,93.79904600865774,6003.138944554095,Month-to-month,DSL,Credit card,Male,0,No,Yes,No
CUST_295,3,47.34436422800363,142.03309268401088,Two year,No,Mailed check,Male,0,No,Yes,No
CUST_296,64,66.86804634334419,4279.554965974028,One year,Fiber optic,Electronic check,Female,1,Yes,Yes,Yes
CUST_297,5,85.93258490289912,429.6629245144956,One year,No,Electronic check,Male,1,No,Yes,No
CUST_298,14,14.53136091086332,203.43905275208647,Month-to-month,DSL,Credit card,Female,0,Yes,Yes,No
CUST_299,9,107.17273146249151,964.5545831624236,One year,No,Electronic check,Male,1,Yes,Yes,No
CUST_300,48,49.12696612938109,2358.0943742102922,Two year,DSL,Credit card,Female,1,Yes,No,No
CUST_301,22,112.77177071230082,2480.9789556706182,Two year,No,Credit card,Female,1,No,Yes,No
CUST_302,52,65.4914505731976,3405.5554298062752,One year,DSL,Electronic check,Female,1,No,Yes,No
CUST_303,57,34.23902431695429,1951.6243860663947,Month-to-month,DSL,Electronic check,Male,0,No,Yes,No
CUST_304,38,10.018611329037142,380.70723050341144,One year,Fiber optic,Bank transfer,Male,1,No,Yes,No
CUST_305,24,30.703391438044036,736.8813945130569,Month-to-month,Fiber optic,Credit card,Male,0,Yes,No,No
CUST_306,59,34.68358993805434,2046.3318063452061,Two year,DSL,Bank transfer,Male,1,Yes,No,No
CUST_307,23,117.43887901336271,2701.094217307342,One year,DSL,Electronic check,Female,0,No,No,No
CUST_308,6,113.63076453016626,681.7845871809975,One year,Fiber optic,Credit card,Female,1,Yes,Yes,Yes
CUST_309,56,36.043906728750756,2018.4587768100423,Two year,Fiber optic,Mailed check,Male,0,No,No,No
CUST_310,5,65.24502292624953,326.22511463124766,Month-to-month,Fiber optic,Bank transfer,Female,1,No,No,Yes
CUST_311,36,28.960578793884935,1042.5808365798575,Two year,DSL,Mailed check,Female,1,Yes,No,Yes
CUST_312,23,72.984381106889,1678.640765458447,Two year,Fiber optic,Credit card,Male,0,No,Yes,No
CUST_313,62,119.73520189747681,7423.582517643563,One year,DSL,Mailed check,Male,0,Yes,No,No
CUST_314,14,110.19403054819539,1542.7164276747353,One year,DSL,Credit card,Female,1,No,No,No
CUST_315,50,25.05019376699263,1252.5096883496315,One year,DSL,Credit card,Male,1,Yes,Yes,No
CUST_316,4,54.143096872755564,216.57238749102225,One year,DSL,Credit card,Female,1,Yes,Yes,Yes
CUST_317,15,117.6183968950769,1764.2759534261536,Two year,DSL,Bank transfer,Male,1,No,No,No
CUST_318,43,119.96443716392776,5158.470798048894,One year,No,Credit card,Male,1,No,No,No
CUST_319,62,42.987863950947805,2665.247564958764,Month-to-month,DSL,Mailed check,Male,1,No,Yes,No
CUST_320,39,101.25344022420242,3948.8841687438944,Month-to-month,No,Credit card,Female,1,Yes,No,No
CUST_321,55,67.1437493683441,3692.906215258926,Two year,DSL,Credit card,Male,0,Yes,Yes,No
CUST_322,43,66.60581279347426,2864.049950119393,One year,Fiber optic,Mailed check,Female,1,No,No,No
CUST_323,41,14.050489847010226,576.0700837274193,One year,No,Mailed check,Male,0,No,Yes,No
CUST_324,48,104.0124465515973,4992.59743447667,One year,No,Credit card,Female,1,No,No,Yes
CUST_325,62,43.08740556924212,2671.4191452930118,One year,DSL,Credit card,Female,1,Yes,Yes,No
CUST_326,28,39.07727135376405,1094.1635979053933,One year,DSL,Credit card,Female,1,No,No,No
CUST_327,46,90.80328576351707,4176.951145121785,One year,Fiber optic,Electronic check,Female,0,No,No,No
CUST_328,49,88.3463459549734,4328.970951793696,Two year,Fiber optic,Bank transfer,Female,0,Yes,Yes,No
CUST_329,26,93.61882767802335,2434.089519628607,One year,No,Electronic check,Male,1,No,Yes,No
CUST_330,23,94.36753760637104,2170.453364946534,Two year,No,Bank transfer,Male,1,Yes,Yes,No
CUST_331,11,114.37428501388645,1258.117135152751,One year,DSL,Credit card,Male,0,No,Yes,No
CUST_332,21,106.00713607035829,2226.149857477524,One year,DSL,Electronic check,Male,0,Yes,No,No
CUST_333,11,57.1615458661066,628.7770045271726,One year,No,Credit card,Male,1,Yes,No,Yes
CUST_334,29,31.34434952268737,908.9861361579337,Two year,Fiber optic,Bank transfer,Female,0,No,Yes,No
CUST_335,1,110.34625823315695,110.34625823315695,One year,DSL,Electronic check,Male,1,Yes,No,No
CUST_336,14,73.86273249611057,1034.078254945548,One year,No,Mailed check,Female,0,No,Yes,No
CUST_337,4,27.82195555956017,111.28782223824068,One year,No,Electronic check,Female,1,Yes,No,No
CUST_338,26,78.09941693913828,2030.5848404175954,One year,Fiber optic,Mailed check,Male,0,Yes,No,No
CUST_339,3,34.77958004454471,104.33874013363413,Month-to-month,Fiber optic,Bank transfer,Male,0,Yes,No,Yes
CUST_340,3,96.11887629425624,288.35662888276875,Two year,Fiber optic,Credit card,Female,0,Yes,No,No
CUST_341,21,73.94182895889514,1552.7784081367981,Month-to-month,Fiber optic,Bank transfer,Female,1,No,Yes,No
CUST_342,16,49.55166501338152,792.8266402141044,Month-to-month,No,Electronic check,Male,0,Yes,No,No
CUST_343,45,98.47243942690508,4431.259774210729,Month-to-month,No,Mailed check,Female,0,Yes,Yes,No
CUST_344,41,52.32148631573007,2145.1809389449327,Month-to-month,Fiber optic,Bank transfer,Female,0,No,No,No
CUST_345,7,108.20760746779823,757.4532522745876,Two year,DSL,Credit card,Female,1,No,Yes,Yes
CUST_346,58,55.53574916472254,3221.073451553907,Two year,Fiber optic,Electronic check,Female,1,Yes,Yes,Yes
CUST_347,49,11.04059766862019,540.9892857623893,Month-to-month,No,Mailed check,Male,0,Yes,No,No
CUST_348,70,12.50327100770896,875.2289705396272,Two year,No,Electronic check,Male,0,No,Yes,No
CUST_349,25,23.354643392075698,583.8660848018924,Month-to-month,DSL,Credit card,Female,1,Yes,Yes,No
CUST_350,52,119.08000891144998,6192.160463395399,Month-to-month,No,Mailed check,Male,0,Yes,No,No
CUST_351,51,21.619933704091853,1102.6166189086846,Month-to-month,DSL,Electronic check,Male,1,Yes,No,Yes
CUST_352,47,83.79748940274565,3938.482001929046,Month-to-month,Fiber optic,Bank transfer,Female,0,No,Yes,No
CUST_353,52,35.69885186824405,1856.3402971486905,One year,Fiber optic,Credit card,Male,1,No,Yes,No
CUST_354,61,71.3616963547253,4353.063477638243,Two year,Fiber optic,Electronic check,Male,0,Yes,No,No
CUST_355,49,117.72135433767032,5768.346362545845,Two year,Fiber optic,Mailed check,Male,1,Yes,No,No
CUST_356,62,66.14516177332176,4101.000029945949,One year,Fiber optic,Mailed check,Female,0,Yes,No,No
CUST_357,12,29.762810096061923,357.15372115274306,One year,Fiber optic,Bank transfer,Female,0,Yes,No,No
CUST_358,32,11.125853301686556,356.0273056539698,One year,No,Bank transfer,Male,0,No,No,No
CUST_359,9,67.66692400153421,609.0023160138079,One year,No,Electronic check,Female,0,No,Yes,No
CUST_360,18,45.88045368297854,825.8481662936138,One year,DSL,Electronic check,Male,0,Yes,No,No
CUST_361,50,115.80384674624939,5790.192337312469,One year,Fiber optic,Electronic check,Male,0,No,No,No
CUST_362,52,102.83933372937061,5347.645353927272,Month-to-month,DSL,Mailed check,Female,1,Yes,Yes,No
CUST_363,47,58.24354975232168,2737.446838359119,Month-to-month,No,Electronic check,Female,0,Yes,Yes,No
CUST_364,28,74.97666859038397,2099.346720530751,One year,DSL,Credit card,Female,0,No,Yes,No
CUST_365,29,75.89783047170238,2201.037083679369,One year,No,Electronic check,Male,1,No,No,No
CUST_366,39,90.11140831923407,3514.344924450129,Month-to-month,No,Mailed check,Female,0,No,Yes,No
CUST_367,51,23.60216248965169,1203.7102869722362,Month-to-month,Fiber optic,Bank transfer,Female,0,No,No,No
CUST_368,38,15.34973949509364,583.2901008135583,Month-to-month,No,Bank transfer,Male,1,No,No,No
CUST_369,65,55.66146823703493,3617.9954354072706,One year,Fiber optic,Mailed check,Female,1,No,Yes,No
CUST_370,42,64.0969459830296,2692.071731287243,One year,Fiber optic,Credit card,Male,0,No,Yes,Yes
CUST_371,14,106.63489877315502,1492.8885828241703,One year,DSL,Bank transfer,Male,0,Yes,Yes,No
CUST_372,52,79.91021742106605,4155.3313058954345,One year,Fiber optic,Credit card,Male,1,No,Yes,No
CUST_373,12,34.86684165101916,418.4020998122299,Two year,DSL,Mailed check,Male,1,No,No,No
CUST_374,31,66.0696402383342,2048.1588473883603,Two year,No,Mailed check,Male,0,No,Yes,No
CUST_375,33,112.03794034294539,3697.252031317198,Month-to-month,DSL,Credit card,Female,1,Yes,Yes,No
CUST_376,56,39.57294883309439,2216.0851346532854,Two year,Fiber optic,Mailed check,Male,1,Yes,No,Yes
CUST_377,38,70.83666245696347,2691.793173364612,Two year,No,Mailed check,Male,1,Yes,No,Yes
CUST_378,55,60.85380109223294,3346.959060072812,Month-to-month,Fiber optic,Electronic check,Male,0,No,Yes,No
CUST_379,12,70.42209414303426,845.0651297164111,Month-to-month,DSL,Mailed check,Male,0,Yes,Yes,No
CUST_380,33,43.17074718028973,1424.634656949561,Month-to-month,No,Mailed check,Female,0,No,No,No
CUST_381,71,57.88580942777191,4109.892469371805,Two year,No,Credit card,Female,1,No,No,Yes
CUST_382,54,54.5971468961162,2948.245932390275,One year,No,Electronic check,Female,0,Yes,Yes,No
CUST_383,22,90.72252819694029,1995.8956203326863,One year,DSL,Credit card,Male,0,No,No,No
CUST_384,27,76.56852376699318,2067.350141708816,Two year,Fiber optic,Bank transfer,Female,0,No,No,No
CUST_385,52,23.907815954066468,1243.2064296114563,Month-to-month,DSL,Electronic check,Female,0,Yes,Yes,No
CUST_386,6,84.9546230435649,509.7277382613894,One year,DSL,Credit card,Male,1,Yes,Yes,No
CUST_387,53,108.46914720341114,5748.86480178079,One year,Fiber optic,Bank transfer,Female,1,Yes,No,No
CUST_388,21,56.06876027330103,1177.4439657393216,Two year,Fiber optic,Bank transfer,Female,0,Yes,No,Yes
CUST_389,10,82.95195940496754,829.5195940496753,One year,DSL,Bank transfer,Male,1,Yes,No,No
CUST_390,18,46.866928614038116,843.6047150526861,Two year,Fiber optic,Credit card,Male,0,No,No,No
CUST_391,59,77.32472790894379,4562.158946627684,One year,Fiber optic,Electronic check,Male,1,Yes,No,No
CUST_392,65,66.10974584543466,4297.133479953253,Two year,DSL,Bank transfer,Female,1,No,Yes,No
CUST_393,65,22.26064319524144,1446.9418076906936,One year,Fiber optic,Electronic check,Male,1,No,No,No
CUST_394,23,108.63394311957941,2498.5806917503264,One year,No,Electronic check,Male,1,No,Yes,No
CUST_395,29,87.1780909576102,2528.1646377706957,One year,DSL,Mailed check,Female,0,No,Yes,No
CUST_396,63,81.50664172225368,5134.918428501982,One year,No,Electronic check,Female,0,Yes,Yes,No
CUST_397,43,10.277368219352768,441.926833432169,One year,DSL,Credit card,Female,1,No,No,No
CUST_398,33,78.77026872713351,2599.418867995406,Month-to-month,DSL,Mailed check,Female,0,Yes,Yes,No
CUST_399,68,35.3517744618692,2403.9206634071056,Two year,DSL,Mailed check,Male,1,Yes,Yes,No
CUST_400,69,43.837654237241104,3024.798142369636,Two year,No,Electronic check,Female,0,No,Yes,No
CUST_401,35,87.98693518033295,3079.5427313116534,One year,No,Bank transfer,Female,0,No,Yes,No
CUST_402,22,19.1323991630526,420.9127815871572,Two year,Fiber optic,Mailed check,Female,0,No,No,Yes
CUST_403,12,87.37680653143542,1048.521678377225,One year,DSL,Mailed check,Female,0,No,No,No
CUST_404,64,35.69342284566357,2284.3790621224684,Month-to-month,DSL,Credit card,Male,1,No,Yes,No
CUST_405,24,18.460003661374998,443.04008787299995,Two year,No,Mailed check,Female,1,Yes,No,No
CUST_406,57,33.2683124230429,1896.2938081134453,One year,DSL,Bank transfer,Female,1,No,No,No
CUST_407,61,79.68220704674042,4860.614629851166,Two year,Fiber optic,Bank transfer,Female,0,Yes,Yes,Yes
CUST_408,25,22.562930963179852,564.0732740794963,One year,Fiber optic,Electronic check,Female,1,No,Yes,Yes
CUST_409,36,21.33333122478308,767.9999240921909,One year,No,Credit card,Male,1,Yes,No,No
CUST_410,32,58.69995834063087,1878.398666900188,Month-to-month,DSL,Credit card,Female,1,Yes,Yes,Yes
CUST_411,55,28.65679679953906,1576.1238239746483,One year,Fiber optic,Credit card,Male,1,No,Yes,No
CUST_412,70,114.77281577660858,8034.0971043626005,One year,DSL,Credit card,Male,1,No,Yes,No
CUST_413,56,82.34237954791621,4611.173254683308,One year,Fiber optic,Credit card,Male,0,Yes,No,No
CUST_414,3,111.74856605584286,335.2456981675286,Two year,Fiber optic,Electronic check,Male,0,Yes,Yes,No
CUST_415,62,59.43657834336163,3685.0678572884212,Month-to-month,No,Bank transfer,Female,1,No,No,No
CUST_416,61,88.0687975897552,5372.196652975068,Month-to-month,No,Mailed check,Female,0,Yes,Yes,No
CUST_417,71,106.65874581463432,7572.770952839036,Month-to-month,Fiber optic,Mailed check,Male,1,Yes,No,No
CUST_418,52,30.5701703604156,1589.648858741611,Month-to-month,DSL,Mailed check,Female,1,Yes,No,No
CUST_419,7,87.32133526401326,611.2493468480928,One year,Fiber optic,Credit card,Male,1,No,No,Yes
CUST_420,43,43.56072677186208,1873.1112511900694,Two year,Fiber optic,Mailed check,Male,1,Yes,No,No
CUST_421,32,51.977169969088536,1663.2694390108331,Month-to-month,Fiber optic,Electronic check,Female,1,Yes,Yes,No
CUST_422,47,115.35178432902127,5421.533863463999,Month-to-month,No,Credit card,Female,0,Yes,No,No
CUST_423,25,86.21375479602072,2155.3438699005183,Month-to-month,DSL,Credit card,Male,1,No,No,Yes
CUST_424,43,114.35633181575793,4917.322268077591,Two year,Fiber optic,Electronic check,Female,1,Yes,Yes,No
CUST_425,32,11.6265824002166,372.0506368069312,One year,DSL,Electronic check,Female,0,No,No,No
CUST_426,21,109.35846438679552,2296.527752122706,One year,DSL,Credit card,Female,0,Yes,No,No
CUST_427,18,29.51041926472027,531.1875467649648,One year,Fiber optic,Electronic check,Male,1,Yes,No,Yes
CUST_428,30,102.78148000042357,3083.4444000127073,One year,DSL,Electronic check,Male,0,No,No,Yes
CUST_429,17,101.03378846519584,1717.5744039083293,One year,Fiber optic,Electronic check,Male,0,Yes,Yes,No
CUST_430,64,52.028565935024574,3329.8282198415727,Two year,DSL,Electronic check,Female,0,No,Yes,No
CUST_431,36,83.36485158341166,3001.13465700282,Month-to-month,No,Mailed check,Female,0,No,Yes,No
CUST_432,65,47.18513591858563,3067.033834708066,One year,Fiber optic,Bank transfer,Female,0,No,Yes,No
CUST_433,4,108.86250074647589,435.45000298590355,Month-to-month,DSL,Credit card,Female,1,No,Yes,No
CUST_434,28,66.96742183841232,1875.087811475545,Month-to-month,No,Credit card,Female,0,No,Yes,Yes
CUST_435,70,102.70067099635207,7189.046969744645,Two year,Fiber optic,Credit card,Male,1,No,Yes,No
CUST_436,46,105.85862747245467,4869.496863732915,Two year,No,Credit card,Male,0,No,No,No
CUST_437,9,69.37981223197825,624.4183100878042,Month-to-month,No,Bank transfer,Female,1,Yes,No,No
CUST_438,63,40.67000441411342,2562.2102780891455,One year,No,Electronic check,Female,1,No,No,Yes
CUST_439,15,45.28016901131901,679.2025351697852,Month-to-month,DSL,Bank transfer,Female,1,Yes,Yes,Yes
CUST_440,14,20.52030859962234,287.2843203947127,Month-to-month,No,Credit card,Male,0,Yes,No,No
CUST_441,5,114.73988893927284,573.6994446963643,Month-to-month,Fiber optic,Electronic check,Female,1,No,Yes,Yes
CUST_442,22,56.000081638261776,1232.001796041759,One year,DSL,Mailed check,Female,0,Yes,Yes,Yes
CUST_443,69,94.5154818840409,6521.568249998822,One year,No,Mailed check,Male,0,Yes,No,Yes
CUST_444,29,20.880444626203165,605.5328941598917,Month-to-month,DSL,Electronic check,Male,0,Yes,Yes,No
CUST_445,51,87.58919199379346,4467.048791683466,Two year,DSL,Credit card,Male,1,Yes,Yes,Yes
CUST_446,61,46.8218367158544,2856.1320396671185,One year,No,Mailed check,Female,0,No,Yes,No
CUST_447,39,61.97905214484369,2417.183033648904,Two year,DSL,Credit card,Male,1,Yes,Yes,No
CUST_448,64,46.88123745151351,3000.399196896865,Two year,Fiber optic,Mailed check,Female,1,Yes,No,No
CUST_449,7,45.215788979380086,316.5105228556606,Two year,Fiber optic,Mailed check,Male,0,Yes,No,No
CUST_450,27,22.930553244846244,619.1249376108486,Month-to-month,No,Mailed check,Female,1,No,No,No
CUST_451,60,110.77697737193532,6646.618642316119,Month-to-month,Fiber optic,Electronic check,Female,0,No,Yes,No
CUST_452,29,48.86289139465616,1417.0238504450285,Two year,No,Electronic check,Female,1,No,Yes,No
CUST_453,3,72.44993214004617,217.34979642013852,Two year,DSL,Bank transfer,Male,1,Yes,No,No
CUST_454,13,63.25550302405711,822.3215393127425,One year,Fiber optic,Electronic check,Female,0,Yes,No,No
CUST_455,49,46.09164227434277,2258.4904714427958,Month-to-month,DSL,Electronic check,Male,0,Yes,No,No
CUST_456,22,97.83343961273386,2152.335671480145,One year,Fiber optic,Mailed check,Male,1,Yes,No,No
CUST_457,24,91.78140178120442,2202.7536427489063,Month-to-month,DSL,Electronic check,Male,0,Yes,No,Yes
CUST_458,22,21.139378450215133,465.06632590473293,Two year,No,Electronic check,Male,1,Yes,No,No
CUST_459,7,90.11403405302582,630.7982383711808,One year,Fiber optic,Mailed check,Male,0,No,Yes,No
CUST_460,62,70.06471796059267,4344.012513556746,Two year,DSL,Electronic check,Female,1,Yes,Yes,No
CUST_461,4,70.19121332133517,280.7648532853407,One year,Fiber optic,Mailed check,Male,1,Yes,Yes,No
CUST_462,32,86.19821362634246,2758.342836042959,One year,DSL,Electronic check,Male,1,Yes,Yes,No
CUST_463,62,81.51265072882615,5053.784345187221,Two year,No,Mailed check,Male,0,Yes,Yes,No
CUST_464,2,47.55513497431454,95.11026994862908,Two year,DSL,Bank transfer,Female,0,No,No,No
CUST_465,54,16.435046747954143,887.4925243895237,One year,DSL,Credit card,Female,0,No,Yes,No
CUST_466,68,59.61635771896686,4053.9123248897463,Month-to-month,DSL,Bank transfer,Male,1,Yes,Yes,No
CUST_467,33,71.03055505414727,2344.0083167868597,One year,Fiber optic,Electronic check,Female,0,No,No,No
CUST_468,42,73.89696359648408,3103.6724710523317,Month-to-month,No,Bank transfer,Female,0,No,Yes,No
CUST_469,39,21.443542364836283,836.298152228615,One year,DSL,Credit card,Male,1,Yes,No,No
CUST_470,63,106.76202141758333,6726.00734930775,Two year,No,Bank transfer,Female,0,No,Yes,No
CUST_471,1,81.28290470218225,81.28290470218225,Two year,No,Mailed check,Male,0,No,Yes,No
CUST_472,28,75.34089808477364,2109.5451463736617,Two year,No,Electronic check,Female,0,No,Yes,No
CUST_473,11,114.22768147287566,1256.5044962016323,One year,DSL,Mailed check,Female,0,Yes,Yes,No
CUST_474,51,41.16492517975896,2099.411184167707,Two year,DSL,Electronic check,Male,0,Yes,Yes,No
CUST_475,23,13.243491715748046,304.6003094622051,Month-to-month,DSL,Electronic check,Male,0,No,Yes,No
CUST_476,50,95.03930231835827,4751.965115917913,Two year,Fiber optic,Bank transfer,Male,0,No,Yes,No
CUST_477,19,51.24179940575133,973.5941887092753,Two year,No,Mailed check,Male,0,Yes,Yes,No
CUST_478,32,33.01557413627261,1056.4983723607236,Month-to-month,No,Electronic check,Female,0,No,No,No
CUST_479,2,47.38204658457543,94.76409316915085,Two year,No,Credit card,Female,0,Yes,Yes,Yes
CUST_480,38,86.59799006926552,3290.7236226320897,Month-to-month,Fiber optic,Bank transfer,Female,0,Yes,No,No
CUST_481,5,91.96212924363203,459.8106462181602,One year,No,Electronic check,Male,0,Yes,Yes,No
CUST_482,64,80.31579768940604,5140.2110521219865,One year,DSL,Bank transfer,Male,0,No,Yes,No
CUST_483,51,13.85865670419582,706.7914919139868,Month-to-month,DSL,Bank transfer,Female,0,No,Yes,Yes
CUST_484,38,83.14516890740113,3159.516418481243,One year,Fiber optic,Credit card,Female,1,No,Yes,No
CUST_485,26,58.06465670756508,1509.681074396692,Two year,Fiber optic,Mailed check,Female,1,Yes,Yes,No
CUST_486,42,64.85963571770517,2724.1047001436173,Month-to-month,DSL,Credit card,Male,1,No,Yes,No
CUST_487,38,75.01282875503586,2850.4874926913626,Month-to-month,Fiber optic,Mailed check,Female,1,Yes,Yes,No
CUST_488,3,77.41752620429622,232.25257861288867,One year,No,Credit card,Female,1,Yes,No,No
CUST_489,23,119.59144310518485,2750.6031914192517,One year,Fiber optic,Electronic check,Male,1,No,No,No
CUST_490,43,57.904542163340565,2489.895313023644,Two year,Fiber optic,Mailed check,Male,1,Yes,No,No
CUST_491,27,84.38002240609312,2278.260604964514,Month-to-month,Fiber optic,Credit card,Male,0,No,Yes,No
CUST_492,64,85.62096933105356,5479.742037187428,One year,Fiber optic,Credit card,Female,0,Yes,Yes,No
CUST_493,42,99.72620490509183,4188.500606013857,One year,DSL,Bank transfer,Male,0,Yes,Yes,No
CUST_494,56,25.93012555274221,1452.087030953564,Month-to-month,DSL,Credit card,Female,0,No,No,No
CUST_495,15,55.41719309698577,831.2578964547865,Month-to-month,Fiber optic,Electronic check,Male,1,No,Yes,No
CUST_496,3,91.2653280592267,273.7959841776801,Month-to-month,DSL,Bank transfer,Male,1,Yes,Yes,No
CUST_497,2,54.249831458981,108.499662917962,Month-to-month,No,Credit card,Female,0,Yes,No,No
CUST_498,55,64.51119633298043,3548.1157983139237,Month-to-month,No,Credit card,Male,0,No,Yes,No
CUST_499,8,85.24586916877531,681.9669533502025,One year,DSL,Mailed check,Female,0,No,Yes,Yes
CUST_500,14,48.574175204652015,680.0384528651282,Month-to-month,No,Bank transfer,Male,0,No,No,No
CUST_501,31,87.10392894316902,2700.2217972382396,Month-to-month,No,Bank transfer,Female,1,No,No,No
CUST_502,39,70.04657075429697,2731.8162594175815,Month-to-month,DSL,Mailed check,Male,1,Yes,No,No
CUST_503,37,108.8413417482185,4027.1296446840843,One year,Fiber optic,Mailed check,Female,0,Yes,No,No
CUST_504,26,114.03410866751442,2964.8868253553746,Two year,No,Bank transfer,Male,0,No,Yes,Yes
CUST_505,4,114.79757318401607,459.1902927360643,One year,Fiber optic,Mailed check,Male,1,No,Yes,No
CUST_506,63,89.5875787435884,5644.017460846069,One year,No,Mailed check,Female,0,No,Yes,No
CUST_507,65,70.0084629864863,4550.550094121609,One year,DSL,Mailed check,Female,0,No,No,No
CUST_508,54,62.51974523821399,3376.0662428635555,One year,No,Mailed check,Male,0,Yes,Yes,No
CUST_509,51,108.65465145503326,5541.387224206696,Month-to-month,DSL,Mailed check,Male,1,No,No,Yes
CUST_510,11,14.448115880607837,158.9292746866862,One year,No,Credit card,Male,0,No,No,No
CUST_511,37,116.43488261864707,4308.090656889942,Month-to-month,No,Mailed check,Female,0,Yes,Yes,No
CUST_512,62,118.55467570334605,7350.389893607455,One year,Fiber optic,Bank transfer,Female,0,Yes,Yes,No
CUST_513,44,41.909679688468366,1844.0259062926082,One year,DSL,Bank transfer,Male,0,No,Yes,No
CUST_514,63,105.32558316202898,6635.5117392078255,Month-to-month,DSL,Mailed check,Female,1,Yes,Yes,No
CUST_515,49,70.41778152663528,3450.4712948051288,One year,DSL,Electronic check,Female,1,No,No,No
CUST_516,39,108.38430553280858,4226.987915779535,Two year,DSL,Credit card,Female,1,No,Yes,Yes
CUST_517,72,56.94931136561136,4100.3504183240175,Month-to-month,DSL,Electronic check,Female,1,No,No,No
CUST_518,4,59.69348214911088,238.7739285964435,One year,DSL,Credit card,Male,1,Yes,Yes,Yes
CUST_519,16,46.250032896556846,740.0005263449095,One year,Fiber optic,Credit card,Male,0,Yes,Yes,No
CUST_520,22,34.33944520416034,755.4677944915275,One year,No,Credit card,Female,0,No,No,No
CUST_521,44,29.242683072111333,1286.6780551728987,One year,Fiber optic,Credit card,Male,1,No,Yes,No
CUST_522,18,109.07545776461095,1963.358239762997,Two year,Fiber optic,Mailed check,Male,1,Yes,No,No
CUST_523,58,39.89594965345225,2313.96507990023,One year,Fiber optic,Mailed check,Male,1,Yes,Yes,No
CUST_524,12,91.00432732790792,1092.051927934895,One year,DSL,Bank transfer,Male,1,Yes,No,No
CUST_525,19,112.02877279895638,2128.5466831801714,Two year,Fiber optic,Credit card,Female,0,No,No,No
CUST_526,54,23.62996660006349,1276.0181964034284,Two year,No,Bank transfer,Female,0,Yes,No,No
CUST_527,60,52.436552220998756,3146.193133259925,One year,Fiber optic,Electronic check,Female,0,No,Yes,Yes
CUST_528,31,72.59479826654213,2250.438746262806,Month-to-month,No,Electronic check,Male,1,No,No,No
CUST_529,49,66.53033900993523,3259.9866114868264,Two year,Fiber optic,Electronic check,Female,1,Yes,Yes,No
CUST_530,50,94.29073950114204,4714.536975057102,One year,No,Credit card,Male,1,No,No,Yes
CUST_531,10,49.01163795304204,490.11637953042043,Month-to-month,DSL,Credit card,Male,1,Yes,Yes,Yes
CUST_532,11,26.642744514078807,293.07018965486685,Month-to-month,No,Mailed check,Male,0,Yes,No,Yes
CUST_533,33,44.983916322834794,1484.4692386535482,One year,Fiber optic,Electronic check,Male,0,No,No,Yes
CUST_534,67,31.691811257263165,2123.3513542366322,Two year,Fiber optic,Electronic check,Male,0,Yes,Yes,No
CUST_535,64,109.67268548632579,7019.051871124851,Two year,DSL,Electronic check,Female,1,No,No,No
CUST_536,13,97.7542723722162,1270.8055408388107,One year,DSL,Credit card,Female,1,No,Yes,No
CUST_537,46,16.724851270015666,769.3431584207207,Two year,No,Bank transfer,Male,1,No,Yes,No
CUST_538,38,35.66666748254977,1355.3333643368912,Two year,Fiber optic,Electronic check,Male,0,Yes,Yes,Yes
CUST_539,65,88.56928901668434,5757.003786084482,Two year,Fiber optic,Bank transfer,Male,1,Yes,No,No
CUST_540,36,81.68836099973913,2940.780995990609,Two year,No,Electronic check,Male,0,No,No,No
CUST_541,28,30.622479398801712,857.4294231664479,One year,Fiber optic,Credit card,Male,1,No,No,Yes
CUST_542,60,114.59444153123584,6875.666491874151,One year,No,Electronic check,Male,1,No,No,No
CUST_543,7,68.1567179852118,477.0970258964826,Month-to-month,No,Mailed check,Female,0,No,No,Yes
CUST_544,45,88.28389755009006,3972.775389754053,Month-to-month,DSL,Credit card,Female,1,No,Yes,Yes
CUST_545,37,106.4321363049225,3937.989043282132,One year,No,Mailed check,Female,1,Yes,Yes,No
CUST_546,57,25.13689794817506,1432.8031830459786,One year,DSL,Credit card,Male,0,No,Yes,No
CUST_547,29,60.89291346840824,1765.894490583839,Two year,DSL,Credit card,Female,0,No,Yes,No
CUST_548,54,21.30092654671268,1150.2500335224847,Two year,DSL,Electronic check,Male,0,Yes,No,Yes
CUST_549,23,97.61014333013358,2245.0332965930725,One year,Fiber optic,Credit card,Male,1,Yes,Yes,No
CUST_550,38,41.054541071242774,1560.0725607072254,Two year,Fiber optic,Mailed check,Female,1,No,Yes,No
CUST_551,62,22.672405145295432,1405.6891190083168,Month-to-month,No,Electronic check,Male,1,Yes,No,No
CUST_552,33,73.16787704726053,2414.5399425595974,Month-to-month,DSL,Mailed check,Female,0,Yes,Yes,No
CUST_553,41,34.18424039444948,1401.5538561724288,Two year,No,Mailed check,Female,0,Yes,Yes,Yes
CUST_554,33,69.06073909316264,2279.004390074367,One year,Fiber optic,Mailed check,Male,0,No,Yes,Yes
CUST_555,31,83.94095772011646,2602.1696893236103,Two year,No,Bank transfer,Female,0,No,Yes,No
CUST_556,50,24.072905758819964,1203.6452879409983,Two year,No,Credit card,Female,0,No,No,No
CUST_557,56,93.21264556264276,5219.908151507994,Two year,No,Mailed check,Male,1,Yes,Yes,No
CUST_558,41,95.69784677062036,3923.6117175954346,Month-to-month,No,Mailed check,Female,1,No,Yes,No
CUST_559,44,65.67471061311105,2889.687266976886,Month-to-month,DSL,Electronic check,Male,1,No,Yes,No
CUST_560,38,63.007033869773174,2394.2672870513807,One year,DSL,Electronic check,Male,1,No,No,No
CUST_561,50,28.33428030594647,1416.7140152973236,Month-to-month,No,Mailed check,Female,1,No,Yes,No
CUST_562,8,23.953848808500794,191.63079046800635,One year,No,Electronic check,Female,0,No,No,Yes
CUST_563,43,26.653811148352425,1146.1138793791542,One year,DSL,Bank transfer,Male,1,No,Yes,No
CUST_564,63,89.59089584148107,5644.226438013307,One year,No,Electronic check,Male,0,No,No,No
CUST_565,43,50.45113500736515,2169.398805316702,One year,DSL,Mailed check,Male,1,No,Yes,No
CUST_566,34,11.17529084954275,379.9598888844535,Month-to-month,Fiber optic,Bank transfer,Male,0,No,Yes,No
CUST_567,50,65.34063784280238,3267.031892140119,Month-to-month,No,Bank transfer,Female,0,No,Yes,No
CUST_568,47,116.20200754352742,5461.494354545788,Month-to-month,No,Bank transfer,Male,0,No,Yes,No
CUST_569,46,12.13304134770479,558.1199019944204,Two year,Fiber optic,Credit card,Male,1,Yes,Yes,No
CUST_570,21,114.1607750641975,2397.3762763481473,Month-to-month,Fiber optic,Bank transfer,Female,1,No,No,No
CUST_571,6,89.03924327219904,534.2354596331943,Two year,Fiber optic,Mailed check,Female,1,No,No,No
CUST_572,31,55.73885215144197,1727.904416694701,Month-to-month,No,Credit card,Male,0,Yes,Yes,No
CUST_573,34,82.34717384909945,2799.803910869381,One year,No,Electronic check,Male,0,Yes,Yes,No
CUST_574,42,18.562014328448853,779.6046017948519,One year,DSL,Electronic check,Male,1,Yes,No,No
CUST_575,62,82.24332813880835,5099.086344606118,Month-to-month,No,Mailed check,Female,0,Yes,Yes,No
CUST_576,49,110.49822967813527,5414.413254228629,Month-to-month,DSL,Mailed check,Female,1,Yes,No,No
CUST_577,70,32.93271378670167,2305.289965069117,Two year,Fiber optic,Credit card,Male,1,No,No,No
CUST_578,58,83.15132318851293,4822.77674493375,Two year,DSL,Credit card,Male,0,Yes,No,No
CUST_579,26,19.165459531823693,498.30194782741603,Two year,No,Bank transfer,Female,0,No,No,No
CUST_580,10,24.066563032489917,240.66563032489915,One year,No,Credit card,Male,1,Yes,Yes,No
CUST_581,18,100.22677724319735,1804.0819903775523,Month-to-month,DSL,Electronic check,Male,0,No,Yes,No
CUST_582,35,49.835447981822114,1744.240679363774,Month-to-month,No,Mailed check,Female,1,Yes,No,No
CUST_583,1,74.0972857125781,74.0972857125781,Month-to-month,No,Bank transfer,Female,1,No,No,No
CUST_584,42,104.7628274902589,4400.038754590873,Month-to-month,No,Credit card,Male,1,No,No,No
CUST_585,9,41.37503247821784,372.3752923039606,Month-to-month,Fiber optic,Credit card,Male,0,Yes,Yes,No
CUST_586,21,25.319744627546463,531.7146371784758,Two year,Fiber optic,Electronic check,Male,0,Yes,No,No
CUST_587,51,115.59428322089116,5895.308444265449,Month-to-month,DSL,Credit card,Male,0,No,No,No
CUST_588,42,110.16764681683561,4627.041166307095,Two year,DSL,Mailed check,Female,0,Yes,No,No
CUST_589,3,38.571427671751024,115.71428301525307,One year,DSL,Electronic check,Male,1,No,No,No
CUST_590,38,36.93789416849837,1403.639978402938,Month-to-month,DSL,Electronic check,Female,1,No,No,No
CUST_591,61,57.317017483160505,3496.3380664727906,Two year,DSL,Credit card,Female,0,Yes,Yes,No
CUST_592,11,34.99575233098784,384.95327564086625,One year,Fiber optic,Mailed check,Female,1,Yes,Yes,No
CUST_593,36,18.522127356425983,666.7965848313354,Month-to-month,DSL,Mailed check,Male,1,Yes,Yes,No
CUST_594,49,34.13069005949672,1672.4038129153394,Two year,DSL,Credit card,Male,1,No,No,No
CUST_595,36,72.27115248235287,2601.7614893647033,Two year,No,Mailed check,Female,0,No,Yes,Yes
CUST_596,20,97.99869661135465,1959.973932227093,One year,DSL,Bank transfer,Male,1,No,Yes,No
CUST_597,71,25.957317449564144,1842.9695389190542,One year,No,Mailed check,Female,1,No,No,No
CUST_598,10,78.48442702961522,784.8442702961522,One year,No,Credit card,Male,1,Yes,Yes,Yes
CUST_599,65,43.69888198632131,2840.4273291108852,Two year,Fiber optic,Credit card,Male,1,No,Yes,Yes
CUST_600,68,94.25231422945392,6409.1573676028665,Two year,No,Credit card,Male,1,No,No,No
CUST_601,44,33.264275954666076,1463.6281420053074,One year,No,Mailed check,Male,1,No,Yes,No
CUST_602,68,59.40743799868105,4039.7057839103113,Month-to-month,DSL,Bank transfer,Female,0,No,No,No
CUST_603,51,25.043496899277187,1277.2183418631366,Month-to-month,No,Credit card,Female,0,No,Yes,No
CUST_604,7,42.45145149368704,297.16016045580926,One year,DSL,Mailed check,Male,1,Yes,No,No
CUST_605,1,64.3133049961283,64.3133049961283,Two year,DSL,Credit card,Female,1,No,Yes,No
CUST_606,70,118.70940193659018,8309.658135561313,Two year,DSL,Electronic check,Male,0,No,Yes,No
CUST_607,10,32.46474236070388,324.64742360703883,One year,No,Bank transfer,Male,1,No,Yes,No
CUST_608,65,13.987164310847467,909.1656802050853,Month-to-month,No,Credit card,Male,1,Yes,Yes,No
CUST_609,62,61.57409343771837,3817.593793138539,One year,DSL,Credit card,Male,0,No,No,No
CUST_610,51,119.55517895199335,6097.3141265516615,Two year,DSL,Bank transfer,Female,1,Yes,No,No
CUST_611,29,23.63607093222916,685.4460570346456,One year,DSL,Electronic check,Male,1,No,No,No
CUST_612,33,68.75266429382701,2268.8379216962912,One year,DSL,Credit card,Male,0,No,Yes,No
CUST_613,19,12.604899160572133,239.49308405087052,Month-to-month,Fiber optic,Electronic check,Female,0,Yes,Yes,No
CUST_614,15,20.9752384654204,314.628576981306,Two year,DSL,Electronic check,Male,1,No,No,No
CUST_615,39,72.70883607692409,2835.6446070000393,Month-to-month,DSL,Credit card,Female,0,Yes,No,No
CUST_616,65,65.40891319648999,4251.57935777185,One year,No,Mailed check,Female,0,Yes,No,No
CUST_617,27,68.70335534690176,1854.9905943663475,Two year,DSL,Mailed check,Male,0,Yes,Yes,No
CUST_618,43,96.363493890021,4143.630237270903,Month-to-month,No,Credit card,Female,0,Yes,Yes,No
CUST_619,6,93.1953860087643,559.1723160525858,One year,Fiber optic,Mailed check,Male,1,No,No,Yes
CUST_620,68,83.04374844131576,5646.974894009471,Two year,DSL,Credit card,Female,0,No,Yes,No
CUST_621,40,18.75131193584206,750.0524774336825,One year,No,Bank transfer,Male,0,Yes,No,Yes
CUST_622,15,115.33186217465344,1729.9779326198015,One year,Fiber optic,Credit card,Female,0,No,Yes,No
CUST_623,30,53.430750146596026,1602.9225043978809,Month-to-month,No,Credit card,Female,0,Yes,No,No
CUST_624,68,111.07341384459738,7552.992141432622,Two year,No,Bank transfer,Female,0,Yes,No,Yes
CUST_625,41,74.05183611075319,3036.125280540881,One year,DSL,Mailed check,Male,1,No,Yes,Yes
CUST_626,70,87.25173468504968,6107.621427953478,One year,Fiber optic,Bank transfer,Female,0,Yes,No,No
CUST_627,37,26.200648711682977,969.4240023322701,Month-to-month,Fiber optic,Bank transfer,Female,0,Yes,Yes,Yes
CUST_628,6,94.71376621277388,568.2825972766433,One year,Fiber optic,Bank transfer,Male,0,Yes,Yes,Yes
CUST_629,8,93.27798403612015,746.2238722889612,Month-to-month,DSL,Bank transfer,Female,1,No,Yes,Yes
CUST_630,22,57.29263435847752,1260.4379558865055,One year,No,Bank transfer,Male,1,Yes,No,No
CUST_631,49,16.314398516608144,799.405527313799,One year,Fiber optic,Mailed check,Female,1,Yes,Yes,No
CUST_632,18,92.50040959581534,1665.007372724676,Two year,DSL,Credit card,Female,0,Yes,No,No
CUST_633,24,111.59089221518519,2678.1814131644446,One year,DSL,Mailed check,Female,0,No,No,No
CUST_634,21,105.54975145503177,2216.5447805556673,Month-to-month,Fiber optic,Credit card,Male,0,No,Yes,No
CUST_635,69,40.36428915904723,2785.135951974259,Month-to-month,Fiber optic,Bank transfer,Female,1,Yes,No,No
CUST_636,22,69.03705102031276,1518.8151224468807,Two year,No,Mailed check,Male,1,Yes,No,Yes
CUST_637,54,89.59671608710798,4838.222668703831,Month-to-month,DSL,Electronic check,Female,0,Yes,No,No
CUST_638,59,84.86367225456516,5006.956663019344,Month-to-month,No,Mailed check,Female,1,No,No,No
CUST_639,65,119.34869833261463,7757.665391619951,Month-to-month,Fiber optic,Bank transfer,Male,1,No,No,Yes
CUST_640,43,93.83573060716341,4034.9364161080266,Month-to-month,DSL,Mailed check,Female,1,Yes,Yes,Yes
CUST_641,42,79.92582733123628,3356.8847479119236,One year,DSL,Bank transfer,Male,0,No,No,No
CUST_642,32,26.245172044929777,839.8455054377529,Month-to-month,Fiber optic,Electronic check,Female,0,No,No,No
CUST_643,65,104.80237376377946,6812.154294645665,Two year,No,Bank transfer,Female,0,No,Yes,No
CUST_644,5,30.06917264635689,150.34586323178445,Two year,DSL,Electronic check,Female,0,Yes,Yes,No
CUST_645,66,13.592109571939341,897.0792317479965,Two year,Fiber optic,Electronic check,Male,0,No,Yes,No
CUST_646,6,101.02386946461107,606.1432167876665,Month-to-month,No,Bank transfer,Male,1,Yes,Yes,No
CUST_647,55,42.44795199676423,2334.6373598220325,One year,No,Mailed check,Male,1,Yes,Yes,No
CUST_648,28,12.523336836022128,350.6534314086196,Month-to-month,Fiber optic,Electronic check,Male,0,No,Yes,No
CUST_649,21,94.39003038658085,1982.1906381181977,One year,DSL,Bank transfer,Female,1,Yes,Yes,No
CUST_650,12,50.86726780203982,610.4072136244779,Month-to-month,No,Mailed check,Male,1,No,Yes,No
CUST_651,20,10.227443760537701,204.54887521075403,One year,DSL,Credit card,Male,1,No,Yes,No
CUST_652,60,97.64962199157246,5858.977319494347,Two year,Fiber optic,Credit card,Female,0,No,Yes,No
CUST_653,62,68.24279423930433,4231.053242836869,Month-to-month,Fiber optic,Credit card,Male,1,Yes,No,No
CUST_654,35,10.303679142815609,360.6287699985463,Month-to-month,No,Bank transfer,Male,0,Yes,No,No
CUST_655,30,88.88750634953574,2666.6251904860724,Two year,Fiber optic,Bank transfer,Male,1,Yes,Yes,No
CUST_656,57,80.66129166253411,4597.693624764444,One year,DSL,Electronic check,Female,0,No,No,Yes
CUST_657,6,39.10218398375437,234.61310390252623,Month-to-month,No,Bank transfer,Male,1,Yes,Yes,No
CUST_658,3,53.88920545989074,161.6676163796722,One year,DSL,Bank transfer,Male,1,No,No,No
CUST_659,62,83.32406414932997,5166.091977258458,Two year,DSL,Electronic check,Male,0,No,Yes,No
CUST_660,19,88.54691781865188,1682.3914385543858,One year,No,Bank transfer,Female,0,No,Yes,No
CUST_661,65,40.09911766723495,2606.442648370272,Two year,No,Electronic check,Female,1,Yes,Yes,Yes
CUST_662,23,17.742826158079012,408.08500163581726,Month-to-month,Fiber optic,Bank transfer,Female,0,No,No,No
CUST_663,16,76.92108686730427,1230.7373898768683,Two year,DSL,Electronic check,Female,1,Yes,Yes,No
CUST_664,36,78.4042259913273,2822.5521356877825,One year,DSL,Electronic check,Male,0,No,Yes,No
CUST_665,62,57.011769544727024,3534.7297117730755,Two year,Fiber optic,Bank transfer,Female,0,No,No,No
CUST_666,62,107.86571868003755,6687.674558162328,One year,DSL,Credit card,Female,0,Yes,No,No
CUST_667,70,107.87366070222316,7551.1562491556215,Two year,Fiber optic,Mailed check,Female,0,No,Yes,Yes
CUST_668,65,88.21558154356819,5734.012800331932,One year,No,Electronic check,Male,1,Yes,No,No
CUST_669,29,89.0025033880408,2581.072598253183,One year,DSL,Credit card,Female,1,No,No,Yes
CUST_670,71,43.35683722158407,3078.3354427324693,One year,No,Credit card,Male,1,Yes,Yes,Yes
CUST_671,44,62.35690299154872,2743.703731628144,Two year,No,Electronic check,Male,0,No,Yes,No
CUST_672,58,16.488308863578432,956.3219140875491,One year,No,Mailed check,Female,1,Yes,Yes,Yes
CUST_673,6,35.623212129080926,213.73927277448556,One year,Fiber optic,Mailed check,Male,1,Yes,No,No
CUST_674,3,48.506845228309,145.52053568492698,One year,DSL,Credit card,Female,0,No,Yes,No
CUST_675,49,35.12392630426503,1721.0723889089863,Month-to-month,No,Credit card,Female,1,Yes,No,No
CUST_676,25,55.09342598055569,1377.3356495138923,Two year,Fiber optic,Electronic check,Female,0,No,Yes,No
CUST_677,72,59.43721026312144,4279.479138944744,Two year,DSL,Bank transfer,Female,0,No,Yes,No
CUST_678,53,95.75304162870061,5074.911206321132,One year,No,Electronic check,Male,0,Yes,Yes,No
CUST_679,6,13.345235958866837,80.07141575320102,One year,DSL,Electronic check,Male,0,Yes,No,No
CUST_680,47,82.08712768906025,3858.095001385832,One year,No,Bank transfer,Male,0,No,No,No
CUST_681,43,21.589614751304957,928.3534343061132,Month-to-month,Fiber optic,Bank transfer,Male,1,No,No,No
CUST_682,41,114.2873726007747,4685.782276631763,Month-to-month,DSL,Credit card,Female,0,Yes,Yes,No
CUST_683,67,36.91654543356441,2473.408544048815,Two year,No,Bank transfer,Female,0,No,Yes,No
CUST_684,68,69.36629488502005,4716.908052181364,Two year,DSL,Bank transfer,Female,0,Yes,No,No
CUST_685,1,55.23579214153551,55.23579214153551,Two year,Fiber optic,Bank transfer,Male,1,Yes,No,No
CUST_686,15,63.04048942446034,945.6073413669051,Two year,No,Electronic check,Female,0,No,No,No
CUST_687,13,29.011882194339467,377.1544685264131,Two year,No,Mailed check,Female,1,No,No,No
CUST_688,38,32.95302032175536,1252.2147722267036,One year,DSL,Bank transfer,Male,1,Yes,No,No
CUST_689,31,107.75626987486294,3340.444366120751,Two year,No,Bank transfer,Male,1,Yes,Yes,Yes
CUST_690,38,78.5425489933987,2984.6168617491503,One year,DSL,Electronic check,Female,0,Yes,No,No
CUST_691,67,66.66114307120752,4466.296585770904,Two year,Fiber optic,Electronic check,Female,0,Yes,Yes,No
CUST_692,53,18.44601254073227,977.6386646588103,One year,Fiber optic,Bank transfer,Female,0,No,Yes,No
CUST_693,56,65.96364616779654,3693.9641853966064,Two year,No,Mailed check,Female,0,Yes,Yes,No
CUST_694,15,88.60581584001001,1329.08723760015,Month-to-month,Fiber optic,Mailed check,Female,0,No,No,Yes
CUST_695,69,87.86959679637529,6063.002178949895,Month-to-month,Fiber optic,Electronic check,Male,0,Yes,No,No
CUST_696,5,63.59608531751749,317.98042658758743,One year,DSL,Mailed check,Male,0,Yes,No,No
CUST_697,42,78.98427343272688,3317.339484174529,Month-to-month,No,Mailed check,Male,1,Yes,Yes,No
CUST_698,51,68.80117737210497,3508.860045977354,One year,Fiber optic,Mailed check,Male,1,No,No,No
CUST_699,20,21.58437782542047,431.68755650840944,Two year,No,Electronic check,Female,1,No,No,No
CUST_700,10,72.71218815120073,727.1218815120073,Month-to-month,DSL,Mailed check,Male,1,No,No,Yes
CUST_701,66,46.47280106439768,3067.2048702502466,One year,No,Credit card,Female,0,No,Yes,No
CUST_702,70,16.010186055822857,1120.7130239076,Month-to-month,No,Credit card,Male,0,Yes,No,Yes
CUST_703,2,52.850918028408515,105.70183605681703,Month-to-month,DSL,Mailed check,Male,1,No,No,No
CUST_704,43,84.41241832076263,3629.733987792793,Two year,Fiber optic,Mailed check,Female,0,No,No,No
CUST_705,34,29.05526549492891,987.879026827583,One year,No,Credit card,Male,0,Yes,No,Yes
CUST_706,6,41.97670390607754,251.86022343646522,Two year,DSL,Mailed check,Male,1,Yes,Yes,No
CUST_707,60,91.02161783873207,5461.297070323924,One year,Fiber optic,Mailed check,Female,0,Yes,Yes,No
CUST_708,26,26.582823957939734,691.1534229064331,Month-to-month,DSL,Bank transfer,Male,1,No,No,No
CUST_709,40,114.91053092461036,4596.4212369844145,Two year,DSL,Credit card,Male,0,Yes,No,No
CUST_710,29,113.26069448048732,3284.560139934132,One year,DSL,Mailed check,Male,0,No,No,No
CUST_711,30,49.682118067510174,1490.4635420253053,Two year,DSL,Credit card,Male,0,No,Yes,No
CUST_712,20,41.690177616979,833.8035523395799,Month-to-month,No,Credit card,Male,0,Yes,Yes,No
CUST_713,53,27.353353116773174,1449.7277151889782,Two year,No,Bank transfer,Male,1,No,No,No
CUST_714,23,119.67869903445238,2752.610077792405,One year,No,Credit card,Male,0,No,Yes,No
CUST_715,42,81.91478642503257,3440.421029851368,Two year,No,Credit card,Female,1,No,Yes,No
CUST_716,21,98.71500744891848,2073.0151564272883,Month-to-month,Fiber optic,Electronic check,Male,0,No,Yes,No
CUST_717,66,113.14663958056795,7467.678212317484,One year,Fiber optic,Credit card,Female,1,Yes,Yes,No
CUST_718,1,81.92342372515789,81.92342372515789,Two year,Fiber optic,Mailed check,Male,1,Yes,No,Yes
CUST_719,2,99.06734826269758,198.13469652539516,Month-to-month,No,Mailed check,Male,0,No,No,Yes
CUST_720,46,60.64708371355033,2789.7658508233153,Two year,DSL,Electronic check,Female,1,Yes,No,No
CUST_721,41,103.99181144915457,4263.664269415337,Two year,DSL,Electronic check,Female,0,Yes,No,No
CUST_722,19,71.36624494250371,1355.9586539075706,Two year,No,Credit card,Male,0,No,Yes,No
CUST_723,2,74.40776884461793,148.81553768923587,Month-to-month,DSL,Bank transfer,Male,1,No,No,No
CUST_724,42,75.9992650489056,3191.969132054035,One year,No,Credit card,Female,0,Yes,No,No
CUST_725,52,78.44039059448679,4078.9003109133128,One year,Fiber optic,Credit card,Female,0,Yes,No,No
CUST_726,70,107.8950427188949,7552.652990322643,One year,DSL,Credit card,Female,1,No,No,Yes
CUST_727,70,31.756242807775116,2222.9369965442584,One year,No,Electronic check,Male,1,No,No,Yes
CUST_728,54,83.38102287009761,4502.575234985271,Month-to-month,No,Credit card,Male,0,Yes,Yes,No
CUST_729,30,106.44752965225358,3193.4258895676076,Two year,Fiber optic,Electronic check,Male,1,No,Yes,No
CUST_730,8,55.037628708059586,440.3010296644767,Two year,Fiber optic,Credit card,Male,0,No,Yes,No
CUST_731,67,41.23318689623098,2762.623522047476,Two year,No,Bank transfer,Male,0,Yes,Yes,No
CUST_732,18,71.15943432857486,1280.8698179143475,Month-to-month,No,Credit card,Female,1,No,Yes,Yes
CUST_733,5,65.68100506273346,328.4050253136673,One year,Fiber optic,Credit card,Male,0,No,Yes,No
CUST_734,15,102.81310101690775,1542.1965152536163,Two year,DSL,Electronic check,Female,0,No,Yes,No
CUST_735,38,68.42784193761682,2600.257993629439,One year,Fiber optic,Mailed check,Female,1,Yes,No,No
CUST_736,8,53.045351349600125,424.362810796801,Two year,No,Mailed check,Female,0,Yes,No,No
CUST_737,37,92.52925772785171,3423.5825359305136,One year,DSL,Credit card,Male,1,No,Yes,No
CUST_738,68,50.19798023925514,3413.4626562693493,Two year,No,Bank transfer,Female,1,Yes,Yes,No
CUST_739,60,111.51615073725712,6690.969044235428,Month-to-month,Fiber optic,Mailed check,Female,0,No,Yes,No
CUST_740,1,83.60136196738591,83.60136196738591,One year,Fiber optic,Bank transfer,Female,1,No,Yes,No
CUST_741,18,31.879803613221803,573.8364650379924,One year,Fiber optic,Electronic check,Female,1,No,No,No
CUST_742,67,77.09615154206473,5165.442153318337,One year,DSL,Electronic check,Female,1,No,No,No
CUST_743,53,65.57717871093047,3475.5904716793148,Month-to-month,DSL,Mailed check,Female,0,No,Yes,No
CUST_744,14,60.03728773751244,840.5220283251742,Two year,Fiber optic,Credit card,Male,1,Yes,No,No
CUST_745,9,35.95952013396375,323.63568120567373,Month-to-month,Fiber optic,Credit card,Male,1,No,Yes,No
CUST_746,7,86.23545698420433,603.6481988894303,Two year,DSL,Electronic check,Female,1,Yes,Yes,No
CUST_747,35,102.3883226860763,3583.5912940126705,Month-to-month,DSL,Credit card,Female,0,No,Yes,No
CUST_748,1,27.85349579073462,27.85349579073462,One year,DSL,Credit card,Female,1,Yes,Yes,No
CUST_749,15,33.73869624777861,506.0804437166792,Month-to-month,Fiber optic,Mailed check,Female,0,Yes,No,No
CUST_750,14,29.665893068667813,415.3225029613494,Month-to-month,Fiber optic,Mailed check,Male,0,No,Yes,No
CUST_751,34,20.336587595341285,691.4439782416036,Month-to-month,DSL,Electronic check,Female,1,No,No,No
CUST_752,33,77.53977699042565,2558.8126406840465,Month-to-month,No,Electronic check,Male,1,Yes,No,Yes
CUST_753,70,92.86905837305275,6500.834086113693,Two year,Fiber optic,Electronic check,Male,1,No,Yes,No
CUST_754,11,60.02167134258558,660.2383847684414,Month-to-month,DSL,Credit card,Female,1,Yes,No,No
CUST_755,31,66.32747380596885,2056.151687985034,Two year,No,Bank transfer,Male,1,Yes,No,No
CUST_756,62,62.556986664656016,3878.533173208673,Two year,No,Bank transfer,Male,1,Yes,No,No
CUST_757,56,42.74461496682794,2393.6984381423645,Two year,No,Mailed check,Male,1,No,No,No
CUST_758,1,61.502044250575466,61.502044250575466,One year,Fiber optic,Bank transfer,Male,1,Yes,Yes,Yes
CUST_759,27,112.63541916675955,3041.1563175025076,Month-to-month,No,Mailed check,Female,1,No,Yes,No
CUST_760,7,91.8893992783992,643.2257949487944,Two year,Fiber optic,Mailed check,Female,0,No,No,No
CUST_761,62,79.710139090129,4942.0286235879985,Two year,DSL,Bank transfer,Female,1,No,Yes,No
CUST_762,11,82.28485266720119,905.1333793392131,Two year,No,Credit card,Female,0,Yes,No,No
CUST_763,55,95.28324697494456,5240.578583621951,One year,No,Mailed check,Male,1,No,No,No
CUST_764,50,61.31776003183384,3065.888001591692,Month-to-month,No,Bank transfer,Male,0,Yes,No,No
CUST_765,11,112.16090036847172,1233.7699040531888,One year,No,Electronic check,Female,1,Yes,No,No
CUST_766,29,88.69194218837275,2572.0663234628096,Two year,No,Electronic check,Female,1,No,No,Yes
CUST_767,46,79.94022657487909,3677.2504224444383,Month-to-month,No,Electronic check,Male,0,No,No,Yes
CUST_768,22,30.662207973631347,674.5685754198896,One year,DSL,Mailed check,Male,0,Yes,No,No
CUST_769,23,85.30493023186312,1962.0133953328518,Two year,DSL,Bank transfer,Female,0,No,No,No
CUST_770,15,97.50519286930243,1462.5778930395365,One year,DSL,Credit card,Female,0,Yes,No,Yes
CUST_771,13,27.969876719550836,363.60839735416084,One year,DSL,Credit card,Female,1,No,No,No
CUST_772,59,17.317014138239497,1021.7038341561303,Month-to-month,DSL,Bank transfer,Male,0,No,No,No
CUST_773,71,61.27247793726264,4350.345933545647,One year,Fiber optic,Credit card,Male,1,Yes,Yes,Yes
CUST_774,24,40.94581640625376,982.6995937500903,Month-to-month,DSL,Mailed check,Male,0,Yes,No,No
CUST_775,1,63.28525558822862,63.28525558822862,Month-to-month,No,Credit card,Female,0,Yes,Yes,No
CUST_776,66,60.04320145240604,3962.8512958587985,Two year,Fiber optic,Credit card,Male,1,Yes,No,No
CUST_777,15,83.68033215993685,1255.2049823990528,Two year,DSL,Mailed check,Male,0,No,No,Yes
CUST_778,26,34.874683954696465,906.7417828221081,Two year,DSL,Bank transfer,Female,1,No,No,No
CUST_779,66,107.92931140531626,7123.334552750873,Month-to-month,Fiber optic,Credit card,Female,1,No,No,Yes
CUST_780,31,52.84230358560468,1638.1114111537452,Two year,DSL,Electronic check,Male,1,No,No,No
CUST_781,18,114.90530809004127,2068.295545620743,One year,DSL,Credit card,Male,0,No,Yes,No
CUST_782,70,78.29748400737225,5480.823880516057,One year,No,Credit card,Female,1,No,No,No
CUST_783,35,42.71348895907284,1494.9721135675495,One year,Fiber optic,Bank transfer,Male,1,Yes,No,Yes
CUST_784,1,115.79298517679207,115.79298517679207,Month-to-month,No,Electronic check,Female,1,No,No,No
CUST_785,40,25.837461402439544,1033.4984560975818,One year,Fiber optic,Electronic check,Male,0,No,Yes,No
CUST_786,15,32.121125616822326,481.8168842523349,Month-to-month,DSL,Mailed check,Male,0,Yes,Yes,Yes
CUST_787,42,10.474139395374515,439.9138546057296,Two year,Fiber optic,Bank transfer,Male,0,No,No,Yes
CUST_788,45,42.51299687337871,1913.0848593020419,One year,DSL,Mailed check,Male,1,No,Yes,No
CUST_789,60,89.9084957042632,5394.509742255792,One year,No,Electronic check,Female,0,Yes,No,Yes
CUST_790,45,31.466014626057035,1415.9706581725666,One year,No,Bank transfer,Male,0,No,Yes,No
CUST_791,9,44.12313427036479,397.1082084332831,Month-to-month,No,Bank transfer,Male,0,Yes,No,Yes
CUST_792,33,102.99615966176636,3398.8732688382897,One year,No,Credit card,Male,1,Yes,Yes,No
CUST_793,56,59.562753322745756,3335.514186073762,Month-to-month,Fiber optic,Credit card,Female,1,No,Yes,Yes
CUST_794,61,81.05990247380346,4944.6540509020115,One year,Fiber optic,Bank transfer,Male,1,No,No,No
CUST_795,4,106.56073397409598,426.2429358963839,Month-to-month,Fiber optic,Bank transfer,Female,1,No,Yes,Yes
CUST_796,27,77.28369458773432,2086.6597538688266,Month-to-month,No,Credit card,Male,0,Yes,Yes,Yes
CUST_797,20,75.1070394915937,1502.140789831874,One year,Fiber optic,Electronic check,Female,0,Yes,No,No
CUST_798,36,15.218685693475091,547.8726849651033,Month-to-month,DSL,Credit card,Male,0,No,Yes,Yes
CUST_799,62,43.516951562444675,2698.0509968715696,Two year,DSL,Bank transfer,Female,0,Yes,No,No
CUST_800,45,82.0872440017186,3693.925980077337,Month-to-month,No,Electronic check,Male,1,Yes,Yes,No
CUST_801,59,87.65873857321685,5171.865575819795,One year,Fiber optic,Mailed check,Female,1,No,Yes,No
CUST_802,59,17.155282850186786,1012.1616881610204,Two year,DSL,Bank transfer,Female,0,Yes,Yes,Yes
CUST_803,12,22.165655433903144,265.98786520683774,Two year,DSL,Electronic check,Male,0,No,Yes,No
CUST_804,32,14.305623426039595,457.77994963326705,Month-to-month,Fiber optic,Bank transfer,Female,0,Yes,No,Yes
CUST_805,1,91.50447541948192,91.50447541948192,One year,No,Mailed check,Male,1,No,Yes,No
CUST_806,68,17.610318494551812,1197.5016576295232,Month-to-month,Fiber optic,Bank transfer,Male,0,No,Yes,No
CUST_807,10,61.62711596172902,616.2711596172902,Two year,No,Electronic check,Female,0,Yes,Yes,No
CUST_808,5,85.9129435399015,429.5647176995075,Month-to-month,No,Electronic check,Female,0,Yes,No,No
CUST_809,22,84.50954592394358,1859.2100103267587,Two year,DSL,Bank transfer,Male,0,Yes,No,No
CUST_810,56,12.84144648422999,719.1210031168795,Month-to-month,No,Electronic check,Female,1,No,No,No
CUST_811,1,37.13418701987891,37.13418701987891,Two year,Fiber optic,Mailed check,Male,0,No,Yes,No
CUST_812,18,35.70210127983274,642.6378230369893,Two year,DSL,Credit card,Female,1,Yes,Yes,No
CUST_813,22,110.74924004658044,2436.48328102477,One year,Fiber optic,Credit card,Female,0,No,No,No
CUST_814,66,40.03854575128926,2642.5440195850915,Two year,Fiber optic,Mailed check,Female,1,No,Yes,Yes
CUST_815,38,31.927883996878336,1213.2595918813768,Two year,DSL,Electronic check,Female,1,No,Yes,No
CUST_816,43,62.15022412565247,2672.459637403056,Month-to-month,DSL,Mailed check,Male,1,Yes,No,No
CUST_817,43,45.113968575732066,1939.9006487564789,Month-to-month,Fiber optic,Bank transfer,Female,0,No,Yes,No
CUST_818,62,89.87912689048846,5572.505867210285,One year,DSL,Mailed check,Female,1,No,No,Yes
CUST_819,9,60.218532305972644,541.9667907537538,Month-to-month,DSL,Electronic check,Female,1,Yes,No,No
CUST_820,38,119.88268403417798,4555.541993298763,Month-to-month,Fiber optic,Mailed check,Female,0,Yes,No,No
CUST_821,20,109.49985207577211,2189.997041515442,One year,No,Electronic check,Female,0,No,Yes,Yes
CUST_822,22,40.67738404573595,894.9024490061909,Two year,Fiber optic,Electronic check,Male,0,No,Yes,No
CUST_823,8,119.61870414472043,956.9496331577634,One year,DSL,Credit card,Male,1,No,No,Yes
CUST_824,38,109.44055011223215,4158.740904264821,One year,Fiber optic,Bank transfer,Male,1,Yes,No,Yes
CUST_825,55,32.2961127270687,1776.2861999887787,One year,Fiber optic,Bank transfer,Male,0,Yes,No,No
CUST_826,20,119.82569758515007,2396.513951703001,One year,DSL,Mailed check,Female,0,Yes,Yes,Yes
CUST_827,58,76.48868407748378,4436.34367649406,Month-to-month,No,Bank transfer,Female,1,Yes,Yes,No
CUST_828,67,17.410648361951274,1166.5134402507354,Month-to-month,Fiber optic,Bank transfer,Male,1,Yes,Yes,No
CUST_829,56,33.14026964537912,1855.8551001412307,Month-to-month,Fiber optic,Mailed check,Female,0,No,Yes,No
CUST_830,38,47.25927625903096,1795.8524978431765,One year,No,Electronic check,Female,1,Yes,No,No
CUST_831,38,100.43162592691147,3816.4017852226357,Month-to-month,DSL,Mailed check,Male,1,Yes,Yes,No
CUST_832,19,72.3100135841317,1373.8902580985023,Two year,DSL,Mailed check,Male,1,Yes,No,No
CUST_833,31,45.10481380092226,1398.24922782859,One year,DSL,Electronic check,Male,0,No,No,No
CUST_834,17,74.90939945126406,1273.4597906714891,One year,Fiber optic,Credit card,Male,1,No,Yes,No
CUST_835,8,103.67673574147553,829.4138859318042,One year,No,Electronic check,Female,1,No,No,No
CUST_836,63,14.598283043706637,919.6918317535182,Two year,No,Bank transfer,Female,0,Yes,No,No
CUST_837,41,77.74582734350334,3187.578921083637,Month-to-month,DSL,Bank transfer,Female,1,Yes,No,Yes
CUST_838,9,82.58103420765428,743.2293078688886,One year,No,Electronic check,Female,1,No,No,No
CUST_839,40,37.829760373556454,1513.190414942258,Two year,Fiber optic,Bank transfer,Male,1,Yes,Yes,No
CUST_840,30,99.23091462433625,2976.9274387300875,Month-to-month,No,Bank transfer,Male,0,Yes,No,Yes
CUST_841,23,25.361358038339166,583.3112348818008,Two year,DSL,Bank transfer,Female,0,Yes,No,No
CUST_842,12,23.24472594719586,278.9367113663503,Two year,No,Bank transfer,Female,0,No,No,No
CUST_843,55,75.56301887864524,4155.966038325488,Month-to-month,No,Credit card,Male,1,Yes,Yes,No
CUST_844,53,57.75100213426186,3060.8031131158787,One year,No,Bank transfer,Male,1,Yes,No,No
CUST_845,43,79.41556118316561,3414.8691308761213,Month-to-month,Fiber optic,Credit card,Female,0,Yes,Yes,No
CUST_846,43,88.01576066574661,3784.6777086271045,Two year,No,Electronic check,Male,0,No,Yes,No
CUST_847,15,66.43915680941956,996.5873521412934,Month-to-month,No,Mailed check,Female,0,Yes,No,No
CUST_848,2,89.97734969564465,179.9546993912893,Two year,DSL,Electronic check,Male,1,No,No,No
CUST_849,37,75.87732607201502,2807.461064664556,One year,DSL,Mailed check,Male,0,No,Yes,No
CUST_850,6,30.089478382316244,180.53687029389746,Month-to-month,No,Mailed check,Female,1,No,Yes,No
CUST_851,50,100.25652496595607,5012.826248297803,One year,Fiber optic,Mailed check,Female,1,No,Yes,No
CUST_852,7,15.348224662211386,107.43757263547971,One year,No,Credit card,Male,0,Yes,No,No
CUST_853,6,85.37755039396461,512.2653023637877,Month-to-month,Fiber optic,Bank transfer,Female,1,Yes,No,Yes
CUST_854,1,15.886927470609193,15.886927470609193,One year,No,Mailed check,Female,0,Yes,No,No
CUST_855,44,43.64076782295823,1920.1937842101622,Month-to-month,No,Mailed check,Female,1,No,Yes,No
CUST_856,24,109.0704655131696,2617.69117231607,One year,No,Electronic check,Male,1,No,No,Yes
CUST_857,50,73.46036489475486,3673.018244737743,Two year,No,Mailed check,Female,0,Yes,Yes,No
CUST_858,69,59.50373748900282,4105.757886741195,One year,No,Electronic check,Male,0,Yes,Yes,No
CUST_859,69,83.28874344069038,5746.923297407637,One year,No,Bank transfer,Female,0,Yes,No,No
CUST_860,5,53.389264077776105,266.9463203888805,Two year,No,Electronic check,Male,1,No,No,No
CUST_861,13,114.64722757382307,1490.4139584596999,One year,DSL,Mailed check,Female,1,No,No,Yes
CUST_862,25,48.16849519272793,1204.2123798181983,Two year,No,Credit card,Female,0,Yes,Yes,No
CUST_863,40,24.127614176997902,965.104567079916,Two year,DSL,Credit card,Male,0,No,Yes,Yes
CUST_864,13,50.007053681373414,650.0916978578543,Month-to-month,DSL,Credit card,Female,1,Yes,No,No
CUST_865,38,21.52560475577047,817.9729807192779,Month-to-month,DSL,Bank transfer,Male,1,No,No,No
CUST_866,41,84.60042037754761,3468.6172354794517,One year,Fiber optic,Electronic check,Male,1,No,Yes,No
CUST_867,20,24.457198906353305,489.14397812706613,Two year,Fiber optic,Bank transfer,Female,1,Yes,Yes,No
CUST_868,20,72.49685205625711,1449.9370411251423,Two year,Fiber optic,Electronic check,Female,0,No,Yes,No
CUST_869,59,103.41751246148823,6101.633235227806,Two year,No,Mailed check,Male,0,No,No,Yes
CUST_870,13,26.698434326371146,347.0796462428249,Two year,DSL,Credit card,Male,1,No,Yes,No
CUST_871,4,64.92375832770546,259.6950333108218,One year,DSL,Credit card,Male,1,Yes,No,No
CUST_872,21,81.31271493804995,1707.5670136990489,Two year,Fiber optic,Electronic check,Female,0,Yes,No,No
CUST_873,20,56.427806386440686,1128.5561277288136,One year,No,Electronic check,Female,1,Yes,Yes,No
CUST_874,52,51.83316075843845,2695.3243594387995,Two year,Fiber optic,Credit card,Male,0,Yes,Yes,No
CUST_875,12,103.10410573379188,1237.2492688055027,One year,No,Electronic check,Male,0,No,No,No
CUST_876,49,104.20168001669076,5105.882320817847,One year,DSL,Credit card,Female,0,No,Yes,No
CUST_877,40,113.14878362329446,4525.951344931778,Two year,Fiber optic,Bank transfer,Male,0,Yes,No,No
CUST_878,68,111.10845211424889,7555.374743768924,One year,Fiber optic,Bank transfer,Female,0,Yes,Yes,No
CUST_879,30,32.012980172844955,960.3894051853487,One year,DSL,Bank transfer,Female,0,Yes,Yes,Yes
CUST_880,16,112.87252515870294,1805.960402539247,One year,Fiber optic,Credit card,Female,0,No,Yes,Yes
CUST_881,59,39.755286570921534,2345.5619076843705,Two year,Fiber optic,Mailed check,Female,1,No,No,No
CUST_882,47,71.55186992317837,3362.9378863893835,One year,No,Mailed check,Female,1,No,No,No
CUST_883,20,94.54828960136231,1890.9657920272462,Two year,Fiber optic,Credit card,Male,0,Yes,No,No
CUST_884,26,113.05218889837394,2939.3569113577223,Month-to-month,DSL,Bank transfer,Female,0,No,Yes,No
CUST_885,14,15.505155427392136,217.0721759834899,Two year,No,Bank transfer,Female,0,Yes,No,No
CUST_886,70,12.434083883462188,870.3858718423531,Month-to-month,No,Mailed check,Male,0,Yes,No,Yes
CUST_887,9,87.0853810758905,783.7684296830145,One year,Fiber optic,Electronic check,Female,0,No,Yes,Yes
CUST_888,28,13.169845902632956,368.75568527372275,Two year,DSL,Electronic check,Male,1,Yes,No,No
CUST_889,57,84.28613831768158,4804.30988410785,Two year,DSL,Electronic check,Male,1,Yes,No,Yes
CUST_890,61,82.78973808084815,5050.174022931737,One year,No,Electronic check,Female,0,No,Yes,No
CUST_891,54,79.32878352474121,4283.754310336026,One year,Fiber optic,Credit card,Male,1,No,No,Yes
CUST_892,26,113.80097718330961,2958.82540676605,Two year,DSL,Electronic check,Male,0,Yes,No,No
CUST_893,17,44.687832702554964,759.6931559434344,Month-to-month,Fiber optic,Bank transfer,Female,0,No,No,No
CUST_894,52,34.31251874635188,1784.2509748102975,Month-to-month,DSL,Mailed check,Female,0,Yes,No,No
CUST_895,39,110.30489833439779,4301.8910350415135,One year,DSL,Bank transfer,Female,1,Yes,Yes,No
CUST_896,15,32.43893744554211,486.5840616831316,Two year,DSL,Bank transfer,Female,0,No,No,Yes
CUST_897,9,18.67157580443537,168.04418223991834,Month-to-month,No,Mailed check,Female,1,No,Yes,No
CUST_898,7,65.68585026537728,459.800951857641,One year,DSL,Mailed check,Male,1,No,No,No
CUST_899,39,107.75440353120842,4202.421737717129,One year,Fiber optic,Mailed check,Female,0,No,No,No
CUST_900,48,74.88567707995617,3594.512499837896,One year,Fiber optic,Bank transfer,Male,1,Yes,Yes,No
CUST_901,72,93.48144201128144,6730.663824812264,Two year,Fiber optic,Credit card,Female,0,Yes,Yes,No
CUST_902,32,23.184334391515122,741.8987005284839,Two year,DSL,Mailed check,Male,0,Yes,No,No
CUST_903,18,66.6339607964886,1199.4112943367948,Two year,Fiber optic,Credit card,Male,1,No,Yes,No
CUST_904,57,22.26784343088961,1269.2670755607078,Month-to-month,No,Credit card,Male,0,No,Yes,No
CUST_905,32,83.83502496194338,2682.720798782188,Month-to-month,DSL,Bank transfer,Male,1,Yes,No,No
CUST_906,49,101.86563308204529,4991.416021020219,Two year,No,Credit card,Female,0,Yes,No,No
CUST_907,48,36.75423908771667,1764.2034762104001,Month-to-month,Fiber optic,Electronic check,Male,0,Yes,No,No
CUST_908,65,116.42178819381374,7567.416232597893,Two year,Fiber optic,Mailed check,Male,1,Yes,Yes,No
CUST_909,27,18.537673822944924,500.51719321951293,Two year,No,Electronic check,Female,1,No,No,No
CUST_910,14,33.17625225747755,464.4675316046857,Month-to-month,No,Credit card,Female,1,No,No,No
CUST_911,50,69.41251853567533,3470.6259267837668,One year,Fiber optic,Electronic check,Male,1,Yes,Yes,No
CUST_912,61,89.15821943150696,5438.651385321925,One year,DSL,Credit card,Female,0,Yes,No,No
CUST_913,17,57.766646460667694,982.0329898313508,Month-to-month,DSL,Credit card,Male,0,No,No,No
CUST_914,38,85.18164361019797,3236.9024571875225,One year,No,Credit card,Male,1,Yes,No,No
CUST_915,31,119.18756596827826,3694.814545016626,Two year,No,Mailed check,Female,1,Yes,No,Yes
CUST_916,11,53.30651399463103,586.3716539409413,Month-to-month,Fiber optic,Bank transfer,Male,1,Yes,No,No
CUST_917,9,104.22765708716973,938.0489137845276,Month-to-month,Fiber optic,Credit card,Male,1,No,No,No
CUST_918,52,111.37759633970987,5791.635009664913,Month-to-month,DSL,Credit card,Male,1,Yes,Yes,No
CUST_919,7,43.816209503723606,306.71346652606525,Two year,DSL,Bank transfer,Female,1,No,Yes,No
CUST_920,65,16.59034591302229,1078.3724843464488,Two year,No,Credit card,Male,1,Yes,No,No
CUST_921,19,37.95524395265977,721.1496351005356,One year,Fiber optic,Bank transfer,Female,1,Yes,Yes,No
CUST_922,46,39.8223088589119,1831.8262075099476,One year,No,Electronic check,Male,0,Yes,Yes,No
CUST_923,55,17.69919583452443,973.4557708988438,Two year,Fiber optic,Credit card,Female,1,No,No,No
CUST_924,52,80.29612353691876,4175.398423919775,Month-to-month,Fiber optic,Electronic check,Male,0,No,No,No
CUST_925,13,103.29506224168381,1342.8358091418895,Two year,No,Mailed check,Female,1,Yes,No,No
CUST_926,56,22.90535195229753,1282.6997093286616,One year,Fiber optic,Credit card,Male,1,No,Yes,No
CUST_927,37,95.49118401197396,3533.1738084430363,Two year,No,Credit card,Male,0,Yes,Yes,No
CUST_928,15,75.12748557692886,1126.912283653933,Month-to-month,No,Electronic check,Male,0,No,Yes,No
CUST_929,46,10.036260377728372,461.6679773755051,Two year,No,Mailed check,Female,0,Yes,Yes,Yes
CUST_930,68,49.040840460793646,3334.777151333968,One year,No,Bank transfer,Male,0,Yes,Yes,No
CUST_931,34,37.00674910617188,1258.229469609844,One year,DSL,Electronic check,Male,0,No,No,No
CUST_932,44,50.88709892838313,2239.032352848858,One year,DSL,Mailed check,Male,1,Yes,No,No
CUST_933,39,10.311818164029333,402.160908397144,One year,DSL,Credit card,Male,0,No,Yes,No
CUST_934,38,108.99085809448563,4141.652607590454,Month-to-month,Fiber optic,Bank transfer,Female,0,Yes,No,No
CUST_935,72,107.04118886159475,7706.965598034822,One year,DSL,Credit card,Female,0,Yes,Yes,No
CUST_936,3,84.68345686736775,254.05037060210327,Two year,DSL,Bank transfer,Male,0,Yes,No,Yes
CUST_937,11,23.77578781348923,261.53366594838155,Month-to-month,Fiber optic,Credit card,Male,1,Yes,Yes,No
CUST_938,60,101.28579707986043,6077.147824791626,Two year,Fiber optic,Credit card,Male,0,Yes,Yes,No
CUST_939,56,41.41266149020936,2319.109043451724,One year,Fiber optic,Mailed check,Female,1,No,Yes,No
CUST_940,45,55.21972093322484,2484.887441995118,Two year,No,Electronic check,Female,0,Yes,Yes,Yes
CUST_941,64,100.79442234617893,6450.843030155452,Two year,DSL,Electronic check,Female,0,No,Yes,No
CUST_942,63,85.87237685482768,5409.959741854143,One year,No,Mailed check,Male,1,Yes,No,No
CUST_943,32,26.870915177649643,859.8692856847886,Month-to-month,Fiber optic,Credit card,Male,1,Yes,No,No
CUST_944,51,70.1851089538898,3579.4405566483797,Month-to-month,DSL,Credit card,Female,0,Yes,No,No
CUST_945,64,78.62797778546043,5032.190578269468,Two year,Fiber optic,Mailed check,Female,1,No,Yes,No
CUST_946,63,73.90755248496721,4656.175806552935,Month-to-month,No,Mailed check,Male,1,Yes,No,No
CUST_947,11,118.73069024106668,1306.0375926517336,One year,DSL,Bank transfer,Female,1,Yes,No,No
CUST_948,50,110.89796612503058,5544.898306251529,Two year,DSL,Credit card,Male,1,Yes,No,No
CUST_949,50,83.78838707137268,4189.4193535686345,Month-to-month,DSL,Electronic check,Male,0,No,No,No
CUST_950,29,75.65904684862015,2194.1123586099843,Two year,No,Mailed check,Male,1,Yes,Yes,Yes
CUST_951,58,49.554033845064055,2874.1339630137154,Month-to-month,DSL,Electronic check,Female,1,Yes,Yes,Yes
CUST_952,30,89.44844726234717,2683.4534178704153,Two year,No,Mailed check,Female,1,Yes,No,No
CUST_953,19,27.896824658713413,530.0396685155548,Month-to-month,Fiber optic,Bank transfer,Female,0,Yes,No,No
CUST_954,44,28.11718118400816,1237.1559720963592,One year,No,Electronic check,Female,0,No,Yes,No
CUST_955,46,41.76106358570582,1921.0089249424677,One year,Fiber optic,Credit card,Male,0,No,Yes,Yes
CUST_956,25,106.36388296914986,2659.0970742287464,Month-to-month,Fiber optic,Electronic check,Male,1,No,No,No
CUST_957,25,46.360529862226386,1159.0132465556596,Month-to-month,Fiber optic,Mailed check,Female,0,Yes,No,No
CUST_958,27,12.28926497528855,331.81015433279083,Month-to-month,DSL,Mailed check,Male,1,Yes,Yes,No
CUST_959,4,62.98888396020067,251.95553584080267,Month-to-month,Fiber optic,Mailed check,Female,0,Yes,No,No
CUST_960,23,119.39206732774846,2746.0175485382147,Month-to-month,Fiber optic,Credit card,Female,1,No,No,No
CUST_961,7,51.44285548551385,360.09998839859696,Month-to-month,Fiber optic,Credit card,Male,1,Yes,Yes,No
CUST_962,4,102.35286881413461,409.41147525653844,Two year,No,Mailed check,Male,1,No,Yes,No
CUST_963,43,118.48229872249979,5094.738845067491,Month-to-month,No,Mailed check,Female,0,No,Yes,Yes
CUST_964,22,116.74195553784082,2568.323021832498,One year,No,Electronic check,Male,1,Yes,No,No
CUST_965,65,116.90036640184384,7598.5238161198495,Month-to-month,DSL,Bank transfer,Male,0,Yes,Yes,No
CUST_966,37,108.97414502044299,4032.043365756391,Two year,DSL,Electronic check,Male,0,Yes,Yes,No
CUST_967,39,65.54063545699603,2556.084782822845,Two year,Fiber optic,Mailed check,Male,1,Yes,No,Yes
CUST_968,17,105.2406420555024,1789.0909149435408,Month-to-month,DSL,Mailed check,Female,1,Yes,Yes,No
CUST_969,20,82.65110373920253,1653.0220747840506,Month-to-month,Fiber optic,Mailed check,Female,1,No,No,Yes
CUST_970,1,74.3973003800138,74.3973003800138,One year,No,Bank transfer,Male,0,Yes,Yes,No
CUST_971,71,28.64734729378817,2033.96165785896,Two year,No,Mailed check,Female,1,Yes,Yes,No
CUST_972,44,51.98039324331344,2287.1373027057916,One year,Fiber optic,Credit card,Female,0,No,Yes,No
CUST_973,7,49.922582612622364,349.45807828835655,One year,Fiber optic,Mailed check,Female,0,No,No,Yes
CUST_974,64,101.20484166771173,6477.109866733551,Month-to-month,DSL,Electronic check,Female,1,Yes,Yes,No
CUST_975,58,117.73729668573144,6828.763207772423,One year,DSL,Electronic check,Male,0,No,Yes,No
CUST_976,19,98.81500266580632,1877.48505065032,Two year,Fiber optic,Credit card,Male,1,Yes,No,No
CUST_977,69,11.339614533433586,782.4334028069175,One year,No,Mailed check,Female,0,Yes,No,No
CUST_978,52,59.96091882068424,3117.9677786755806,Two year,No,Credit card,Male,0,Yes,No,No
CUST_979,35,105.87946241644516,3705.781184575581,Month-to-month,Fiber optic,Electronic check,Female,0,No,Yes,No
CUST_980,63,33.26023025327422,2095.394505956276,One year,DSL,Credit card,Male,1,Yes,Yes,No
CUST_981,59,100.03856251738937,5902.275188525972,One year,No,Bank transfer,Male,0,No,Yes,No
CUST_982,23,18.945323545086843,435.7424415369974,Month-to-month,DSL,Bank transfer,Male,0,Yes,No,Yes
CUST_983,18,105.14976430841563,1892.6957575514812,One year,DSL,Mailed check,Male,0,Yes,Yes,No
CUST_984,10,19.430789501509423,194.30789501509423,Month-to-month,No,Bank transfer,Female,1,Yes,Yes,No
CUST_985,67,13.209651606408581,885.046657629375,Two year,DSL,Mailed check,Female,0,Yes,No,No
CUST_986,67,12.397342497720349,830.6219473472634,Two year,No,Electronic check,Male,1,Yes,Yes,No
CUST_987,32,118.68585693283566,3797.947421850741,Two year,No,Mailed check,Male,1,No,No,No
CUST_988,63,27.424594701152508,1727.749466172608,Two year,No,Credit card,Female,0,No,Yes,No
CUST_989,38,116.28923652192564,4418.990987833175,Month-to-month,Fiber optic,Credit card,Female,1,No,No,No
CUST_990,30,119.65059709152796,3589.5179127458387,One year,No,Electronic check,Male,0,Yes,No,No
CUST_991,44,91.67893637098459,4033.8732003233217,Two year,DSL,Credit card,Female,1,Yes,Yes,No
CUST_992,24,86.2176027107369,2069.2224650576854,Two year,DSL,Bank transfer,Female,1,No,Yes,No
CUST_993,36,57.32977887364251,2063.87203945113,Two year,No,Electronic check,Male,0,Yes,No,No
CUST_994,5,28.051311624165617,140.2565581208281,Two year,DSL,Electronic check,Male,1,No,No,No
CUST_995,17,74.14944011124649,1260.5404818911904,Two year,No,Bank transfer,Female,0,Yes,No,No
CUST_996,20,108.10179765442932,2162.035953088586,Two year,Fiber optic,Electronic check,Male,0,No,No,No
CUST_997,47,42.410234358297686,1993.2810148399913,Two year,No,Mailed check,Male,0,No,No,No
CUST_998,35,101.68376204051768,3558.9316714181186,Month-to-month,DSL,Credit card,Female,1,No,Yes,Yes
CUST_999,11,113.94442291626486,1253.3886520789133,Two year,DSL,Mailed check,Female,0,Yes,No,No
CUST_1000,11,10.254631615603474,112.8009477716382,Month-to-month,No,Credit card,Female,1,No,No,No
